Date,BZ=F,HDFCBANK.NS,RELIANCE.NS,TCS.NS
2025-01-02,0.0,0.0,0.0,0.0
2025-01-03,0.0,-0.024836265035988347,0.0,-0.01816445167082048
2025-01-06,-0.002744727207022457,-0.04641118746735762,-0.026495753747466266,-0.01933782400984352
2025-01-07,0.0,-0.044794433750923957,-0.008232606739879023,-0.03531103061653684
2025-01-08,-0.011550932568433314,-0.055442543823392865,0.0,-0.016128894552805195
2025-01-09,-0.001687279398615571,-0.07021600864530986,-0.008494763778998937,-0.032784554249088105
2025-01-10,0.0,-0.07637634582529562,-0.018648765242677334,0.0
2025-01-13,0.0,-0.09081529778971209,-0.020268696487541482,0.0
2025-01-14,-0.013455177614390745,-0.08203494877592199,-0.021137913649200146,-0.013528104908881677
2025-01-15,0.0,-0.08401398040782526,-0.010509802578541394,-0.009671196662978665
2025-01-16,-0.00902106393735913,-0.0789964978866654,0.0,-0.019761897387486127
2025-01-17,-0.015116395004536876,-0.08752619012712404,0.0,-0.02118596308987375
2025-01-20,-0.015116395004536876,-0.07944256177252129,0.0,-0.03222166284274697
2025-01-21,-0.03340238820607011,-0.08437632843707754,-0.024321110451110406,-0.042177538248513446
2025-01-22,-0.03693769138591774,-0.071191641932277,-0.021716675082776193,-0.013520102137356993
2025-01-23,-0.0455930503404256,-0.07183276236174352,-0.03201963427744037,-0.016166331558245317
2025-01-24,-0.04303302245309548,-0.08025090357384679,-0.04530995082187694,-0.0145288178886257
2025-01-27,-0.06034374036211121,-0.09140067776189231,-0.05829411841268084,-0.035223923961696935
2025-01-28,-0.0553456172508584,-0.06876654641451785,-0.0544255689268055,-0.041121538946404024
2025-01-29,-0.06643907142928895,-0.06491989395150133,-0.05358304625188226,-0.02700043477652625
2025-01-30,-0.06290376824944133,-0.057003486968757455,-0.040139372283352404,-0.026941116523468978
2025-01-31,-0.0642447485248101,-0.05296170784834753,-0.03090887758399241,-0.02401020835979284
2025-02-01,-0.0642447485248101,-0.057310164654506224,-0.03129189388118969,-0.03332525114499196
2025-02-03,-0.0739973154352429,-0.06452964063671451,-0.045616382722786564,-0.034393162969600044
2025-02-04,-0.07107158256506141,-0.04061326843040691,-0.015511924247091469,-0.025279838898711104
2025-02-05,-0.09045469071514856,-0.03119158864580207,-0.020874058092094083,-0.02906514982990449
2025-02-06,-0.09435569887784745,-0.02781883524039319,-0.018307820606144776,-0.03104690485480499
2025-02-07,-0.08984512040548243,-0.03400693747834804,-0.02968324429611302,-0.043708389024376015
2025-02-10,-0.07509443038379682,-0.043484357720239175,-0.039679771589867574,-0.04191656237100494
2025-02-11,-0.061319015654628606,-0.051484340332020984,-0.054080939143511086,-0.05933639674540114
2025-02-12,-0.08350601701886073,-0.048473864842081715,-0.06809909039995732,-0.06251661262352293
2025-02-13,-0.08545656760389575,-0.05354708782052775,-0.06844381449901071,-0.07200985452732978
2025-02-14,-0.08886993812033595,-0.055135936251426876,-0.06756290531018472,-0.06614773275068264
2025-02-17,-0.08886993812033595,-0.04259237017609285,-0.06170287857355339,-0.07335071584180386
2025-02-18,-0.07546022837401911,-0.0394146733142946,-0.06131976796059713,-0.08077912051251457
2025-02-19,-0.0730220401427254,-0.03710112882489092,-0.05974950488942321,-0.10192506974476478
2025-02-20,-0.0676581190412503,-0.05945648777205115,-0.05549812773786855,-0.10304050947964938
2025-02-21,-0.09264901361962741,-0.05644608239589455,-0.05921331979965072,-0.10147416549572674
2025-02-24,-0.08838230047407714,-0.06503137486607391,-0.06963115558874633,-0.12767511728794745
2025-02-25,-0.10983789187260673,-0.062104615232738136,-0.07771269571227357,-0.13860415414706373
2025-02-26,-0.11581129027637693,-0.062104615232738136,-0.07771269571227357,-0.13860415414706373
2025-02-27,-0.09740336441143638,-0.05187466376059058,-0.07533801353280234,-0.14263877279270276
2025-02-28,-0.10788734128757171,-0.03420213424952412,-0.08070014737780495,-0.17332536965931833
2025-03-03,-0.12690474445480748,-0.05140069458920016,-0.10279983875777843,-0.17099949545885473
2025-03-04,-0.13397535081450274,-0.04668988975378918,-0.10996208317857692,-0.16174358765713615
2025-03-05,-0.15518707688621736,-0.05783973405561749,-0.09946756867743467,-0.1581837593953912
2025-03-06,-0.15323661930855348,-0.05717077845439911,-0.07342293204681605,-0.14523747430331446
2025-03-07,-0.14226500478615933,-0.05825782254215606,-0.04262893105725518,-0.1429591280131275
2025-03-10,-0.15543094221303222,-0.059233455829123205,-0.05136162718074544,-0.1480736320957322
2025-03-11,-0.15201757169659214,-0.06034847531619736,-0.04454401254324136,-0.15147926955344349
2025-03-12,-0.13507255877042768,-0.04604876932432256,-0.03707533622153336,-0.16787872001350823
2025-03-13,-0.14811656353389324,-0.048585415870437076,-0.04408431753399755,-0.16672766489084556
2025-03-14,-0.13958304423542178,-0.048585415870437076,-0.04408431753399755,-0.16672766489084556
2025-03-17,-0.13360964583165147,-0.04646685781086124,-0.051016997397450914,-0.16989590715660974
2025-03-18,-0.13982690956223665,-0.04646685781086124,-0.051016997397450914,-0.16989590715660974
2025-03-19,-0.1371449490114991,-0.027679449040286075,-0.04465888913767291,-0.17003830761786265
2025-03-20,-0.12227232632640606,-0.013937287848839741,-0.027806455008270503,-0.1543628941662789
2025-03-21,-0.12032177574137104,-0.013045300304693419,-0.02229124668645155,-0.15081473406759682
2025-03-24,-0.11008166419205057,0.0,-0.0025662374859493076,-0.13874655460831653
2025-03-25,-0.10983789187260673,0.0,-0.015320368940613283,-0.1319115157377556
2025-03-26,-0.1004510299450252,-0.008180266495797062,-0.02481900334273912,-0.13712089237133662
2025-03-27,-0.09752529707484381,0.0,-0.020874058092094083,-0.13346600828903865
2025-03-28,-0.10240158053006021,0.0,-0.023248740271565205,-0.14415777213592562
2025-03-31,-0.08886993812033595,0.0,-0.023248740271565205,-0.14415777213592562
2025-04-01,-0.09191760365392476,-0.03301060437727232,-0.04048419069816489,-0.157293863419814
2025-04-02,-0.08630991023300583,-0.017120617482260125,-0.041594758760094885,-0.1589195256567939
2025-04-03,-0.14494696533689688,-0.01824186785631976,-0.04347154804793729,-0.19233531197277542
2025-04-04,-0.20053635490719912,-0.005962047129801307,-0.07717651062250097,-0.21695825161801074
2025-04-07,-0.21723759551391963,-0.03856251010391121,-0.10705131022509207,-0.22297450310883238
2025-04-08,-0.2341826084400841,-0.03229942661378815,-0.09441186673334157,-0.21848891912429647
2025-04-09,-0.20175540251916046,-0.03456944439667187,-0.09199889235572656,-0.22948906457925067
2025-04-10,-0.22796534470949892,-0.03456944439667187,-0.09199889235572656,-0.22948906457925067
2025-04-11,-0.21053269413707576,-0.011732782075403514,-0.06626068762601767,-0.23307284006571072
2025-04-14,-0.20906987420567058,-0.011732782075403514,-0.06626068762601767,-0.23307284006571072
2025-04-15,-0.2116299020930007,0.0,-0.0500593151808193,-0.22910945219562762
2025-04-16,-0.19724491705416636,0.0,-0.05067208466687956,-0.22303382136188965
2025-04-17,-0.1715226125100866,0.0,-0.023708246649291165,-0.2170768881241253
2025-04-21,-0.19224670093554252,0.0,-0.007621939430042302,-0.21168949564151351
2025-04-22,-0.1778617158967083,0.0,-0.010915728680724324,-0.21339824008668895
2025-04-23,-0.19395338619376268,-0.019269017622261853,-0.004174792755266998,-0.18999770851939013
2025-04-24,-0.1887113977556949,-0.02288834148045571,-0.0029491594673876076,-0.19270319510347678
2025-04-25,-0.184810389592996,-0.0257430131323102,-0.0038683608543573778,-0.18169113712602392
2025-04-28,-0.19712298439075893,-0.021155164005300486,0.0,-0.1827591711303499
2025-04-29,-0.21674995786766094,-0.026966443840247933,0.0,-0.17587666543937142
2025-04-30,-0.2305254191005146,-0.01870830258942513,0.0,-0.18033842437891012
2025-05-01,-0.24259414857146255,-0.01870830258942513,0.0,-0.18033842437891012
2025-05-02,-0.2528343066244686,-0.020288575267722875,0.0,-0.1857258168615219
2025-05-05,-0.2657564252282122,-0.012693085580975039,0.0,-0.18019596282779826
2025-05-06,-0.24235032974833326,-0.015292915904733806,-0.007266177649733696,-0.17884318899082552
2025-05-07,-0.2549067433692255,-0.00820717298520357,-0.017676318229126853,-0.18237937547715
2025-05-08,-0.2339387896169547,-0.01692409273762474,-0.016977640684125883,-0.18147762806893308
2025-05-09,-0.22089478485348923,-0.036702921238130126,-0.037797921842912086,-0.1835186402570319
2025-05-12,-0.20809459891315307,-0.0022939566190178784,0.0,-0.14077583754349365
2025-05-13,-0.18773621547054842,-0.019931733297362753,-0.014479665855579138,-0.16579017991513278
2025-05-14,-0.19431918418398497,-0.026048822726025156,-0.008423122518278148,-0.1577922344892695
2025-05-15,-0.21333658735122074,-0.014222389993653661,0.0,-0.15038759377369715
2025-05-16,-0.20260874514827054,-0.013763611492055294,0.0,-0.15480182480295923
2025-05-19,-0.20102399255345782,-0.011724560312159182,-0.010711341598050206,-0.16488831032719786
2025-05-20,-0.20297454313849284,-0.023856866749271566,-0.021834732658605915,-0.1697535677852159
2025-05-21,-0.20870407621544818,-0.017790681475202352,-0.018676306741658433,-0.16322703270244
2025-05-22,-0.21443370229977465,-0.021308068802157965,-0.03227131825478036,-0.17480869252490439
2025-05-23,-0.21028892181763192,-0.014324326524892017,-0.02032399734983037,-0.16588511355596802
2025-05-26,-0.21028892181763192,-0.010959908105819816,-0.014831075360329793,-0.16049772107335614
2025-05-27,-0.21870050845269584,-0.01804558691432412,-0.023551239077709174,-0.1696585730545217
2025-05-28,-0.20882600887885572,-0.019472954795764386,-0.02986809091160403,-0.16989590715660974
2025-05-29,-0.21796900547962228,-0.017433903615868274,-0.026503640263403905,-0.1698009735157745
2025-05-30,-0.2210166710132111,-0.008564014955563692,-0.024375168922103452,-0.17803637522344384
2025-06-02,-0.2121175397392594,-0.015088978731231273,-0.029318917069085626,-0.1812640579219832
2025-06-03,-0.1999268776049039,-0.01891217565190173,-0.03494921705952403,-0.19184891451567743
2025-06-04,-0.20931364652511442,-0.010450161338602326,-0.022590015772685268,-0.19048410597648813
2025-06-05,-0.20346218078475153,-0.006168185916333391,-0.009612740292088473,-0.19283056745942362
2025-06-06,-0.1896866730482124,0.0,-0.008857541718317319,-0.18969390865074554
2025-06-09,-0.18273799935192458,0.0,-0.00521833506824132,-0.1806670878201544
2025-06-10,-0.184810389592996,-0.00687245300228756,-0.012290639096832257,-0.17085019184353856
2025-06-11,-0.14945754380926202,-0.014401925120666403,-0.005149688337926506,-0.16869518597860667
2025-06-12,-0.15445566692051482,-0.017939202153304246,-0.010162083215223494,-0.17772206789905687
2025-06-13,-0.0950871088435501,-0.030976817991214545,-0.019568798776059215,-0.1749685646858219
2025-06-16,-0.10727777097790558,-0.02198192250479225,-0.012771250749344154,-0.1628528573162651
2025-06-17,-0.06802391703147259,-0.0249128327946726,-0.017303033974129134,-0.15830355660882622
2025-06-18,-0.06497625149788366,-0.022739865044790752,-0.018058232547900288,-0.17360369505677353
2025-06-19,-0.06497625149788366,-0.022032447770539254,-0.015861029935976823,-0.18016431828085322
2025-06-20,-0.061197082991221174,-0.00717566815056303,0.0,-0.17736279843846992
2025-06-23,-0.12861142971302764,-0.015412621096986823,-0.006411090241396078,-0.18744317497681184
2025-06-24,-0.18151895173996324,-0.009095946017916301,-0.010503371984060483,-0.18820948616769817
2025-06-25,-0.1749359830265268,0.0,0.0,-0.1751839675285407
2025-06-26,-0.17432641271686067,0.0,0.0,-0.1759022620902787
2025-06-27,-0.17383886807797289,0.0,0.0,-0.17606983157342615
2025-06-30,-0.17578932565563687,-0.006650472504652782,-0.009766355922302017,-0.17106559468625748
2025-07-01,-0.18188465672281462,-0.0013896850658401405,0.0,-0.1787995097416638
2025-07-02,-0.15750333245410364,-0.014343162504371954,-0.006281009205256427,-0.1803318266741416
2025-07-03,-0.1612824079533951,-0.013797265514183144,-0.006935380016403148,-0.18571928024661244
2025-07-04,-0.16749967168398028,-0.012705348055635612,-0.0007196226093775238,-0.18116997953917358
2025-07-07,-0.15177370636977727,-0.013648350840994361,0.0,-0.18310933820195074
2025-07-08,-0.14482503267348945,-0.00670011072904908,-0.002529982994201152,-0.18442631338156867
2025-07-09,-0.14433739502723075,-0.0018363673463214214,-0.014596184761682784,-0.18978963645974734
2025-07-10,-0.16323295853843012,-0.004317908131624026,-0.01576385078827236,-0.19022062541476192
2025-07-11,-0.14226500478615933,-0.015484718187315782,-0.03003567056370582,-0.21799543524355824
2025-07-14,-0.1562842848421423,-0.0158320622799194,-0.03749598537426213,-0.22836311738862358
2025-07-15,-0.16237961590932004,-0.0096282720557479,-0.03639309649710576,-0.2212757774005275
2025-07-16,-0.16469587147720632,-0.009231227999662917,-0.03626338245187821,-0.2232458031725063
2025-07-17,-0.15250520934285083,-0.013896480223890673,-0.042231586376415,-0.2289878833762825
2025-07-18,-0.15543094221303222,-0.028537410335555013,-0.042491094340050606,-0.23362460367190374
2025-07-21,-0.1562842848421423,-0.007146793009530361,-0.07324035189886902,-0.24124061529950314
2025-07-22,-0.16384252884809625,-0.0038712258511427455,-0.08349007779408169,-0.24090425453602893
2025-07-23,-0.16481771113324273,0.0,-0.07583527178886451,-0.23621933434168252
2025-07-24,-0.15664998982499356,-0.004989442785946707,-0.08991244062327597,-0.24369117390211903
2025-07-25,-0.1656710537623528,-0.007267483037141975,-0.0971781044928105,-0.24662226533537202
2025-07-28,-0.14616601294885823,-0.005336095741355185,-0.0998378015322392,-0.26019637090805614
2025-07-29,-0.11605506259582088,0.0,-0.08070058683624493,-0.2657942179548105
2025-07-30,-0.10715593132186907,0.0,-0.08524161677055642,-0.2663708451336032
2025-07-31,-0.11581129027637693,-0.0037516518796359977,-0.09815119945155881,-0.27040705211557536
2025-08-01,-0.15067659142122336,-0.006713427504305924,-0.09588064454781275,-0.2785274827086681
2025-08-04,-0.1617700455996539,-0.016684795944856723,-0.08433345870760245,-0.26137369467007476
2025-08-05,-0.1754236206727856,-0.02379313094941593,-0.0971781044928105,-0.26389627821641315
2025-08-06,-0.18456661727355217,-0.01999210797544093,-0.09646443762451729,-0.2714881593497205
2025-08-07,-0.1901743106944711,-0.015006423755165477,-0.09867013550564951,-0.2679564324231005
2025-08-08,-0.18822385311680723,-0.025619493913205615,-0.11268244731744725,-0.2705031464637311
2025-08-11,-0.18773621547054842,-0.014907742820946757,-0.10074603946837368,-0.2694460475441601
2025-08-12,-0.19395338619376268,-0.02759403141447203,-0.10450854551177824,-0.2707434739689085
2025-08-13,-0.1999268776049039,-0.022460295165638744,-0.10308145139473346,-0.2705511630928794
2025-08-14,-0.1851761875832183,-0.01712907453944912,-0.10523067893721061,-0.2738906402333291
2025-08-15,-0.19724491705416636,-0.01712907453944912,-0.10523067893721061,-0.2738906402333291
2025-08-18,-0.1881019204533998,-0.010958667818413814,-0.10008540839197155,-0.27655739584683037
2025-08-19,-0.197976327019869,-0.01712907453944912,-0.07507511872948602,-0.2753561859499556
2025-08-20,-0.1851761875832183,-0.018560591257445025,-0.0796993765179399,-0.25555958952257607
2025-08-21,-0.17505791568993423,-0.017079703445110117,-0.07201389921138812,-0.25459858495116083
2025-08-22,-0.17432641271686067,-0.03021033188768729,-0.08217440676391652,-0.2662747507854476
2025-08-25,-0.1612824079533951,-0.030457126104923238,-0.07995992283292275,-0.24546901097778662
2025-08-26,-0.18054367644744584,-0.03899691657301885,-0.09800119761846926,-0.24148088171482163
2025-08-27,-0.17042540455416177,-0.03899691657301885,-0.09800119761846926,-0.24148088171482163
2025-08-28,-0.16347673085787395,-0.054398309082897,-0.09734983183101198,-0.25673685219473563
2025-08-29,-0.1695720619250517,-0.06051934470959319,-0.11604247240401577,-0.2588990055731667
2025-09-01,-0.1695720619250517,-0.06150664408745621,-0.11819177981967355,-0.25219604297769327
2025-09-02,-0.15713762747125237,-0.06752887627101467,-0.10998528975633648,-0.2524603177075859
2025-09-03,-0.1759112583190443,-0.0577056211134811,-0.10601231788215937,-0.2558238031626098
2025-09-04,-0.18334756966159083,-0.05099225486363468,-0.11467472406012624,-0.2562563804539575
2025-09-05,-0.20151163019971663,-0.04886960407935104,-0.10444911986544247,-0.26764414106405954
2025-09-08,-0.19517252681309494,-0.04630273595493439,-0.10216953929229322,-0.2746834644230072
2025-09-09,-0.19066194834072991,-0.04714186079532057,-0.10366764066685474,-0.2673799274240257
2025-09-10,-0.17725223859441308,-0.04640141688915311,-0.10314654803688894,-0.2528206867856343
2025-09-11,-0.19090572066017375,-0.044525682831024316,-0.09904322313203984,-0.24940912361160317
2025-09-12,-0.18334756966159083,-0.04501927126549632,-0.09142292234082416,-0.24719883142430576
2025-09-15,-0.1778617158967083,-0.04526612673719177,-0.08862232901088962,-0.25236428444928927
2025-09-16,-0.16530534877950143,-0.045463549860088714,-0.0847144537788681,-0.24424367058661967
2025-09-17,-0.17164454517349415,-0.045809086266002885,-0.07917828388797399,-0.2377329577773164
2025-09-18,-0.1778617158967083,-0.03554149125941741,-0.07839680468938637,-0.23679602261033428
2025-09-19,-0.1871266451608823,-0.0454141787657496,-0.08334670543497857,-0.23859780691071697
2025-09-22,-0.18846762543625106,-0.04807978907884436,-0.09428877205927522,-0.2615178056473787
2025-09-23,-0.17554555333619304,-0.05499063970604723,-0.09480970494287988,-0.2642566472944615
2025-09-24,-0.15506523723018095,-0.06106230423840431,-0.09923867280486731,-0.2707434739689085
2025-09-25,-0.15372425695481218,-0.06224708799362366,-0.10614251116647033,-0.28948291038685825
2025-09-26,-0.1450688980003043,-0.06698591674220367,-0.10275572856441462,-0.30348953216103114
2025-09-29,-0.17140067984667917,-0.06180280939903127,-0.105882044724668,-0.30421033140698683
2025-09-30,-0.18298186467873956,-0.06111167533274342,-0.11161358441520886,-0.30606025451623586
2025-10-01,-0.2033402481213441,-0.04704317986110185,-0.10855244477029147,-0.29986177197611463
2025-10-02,-0.21845664312588098,-0.04704317986110185,-0.10855244477029147,-0.29986177197611463
2025-10-03,-0.21333658735122074,-0.04714186079532057,-0.11200432401450278,-0.30281681063408283
2025-10-06,-0.2018773351825679,-0.03894760673313924,-0.10444911986544247,-0.28203514023085496
2025-10-07,-0.20212120050938276,-0.030012847510330842,-0.09806629426062474,-0.2855668671574748
2025-10-08,-0.19236863359894996,-0.033764438135507335,-0.1093991004842152,-0.2727134386510284
2025-10-09,-0.2049250007161567,-0.03534412939097997,-0.10262545540692314,-0.26442482767619857
2025-10-10,-0.23527976989232346,-0.031592477511343975,-0.10008540839197155,-0.27244910283127666
2025-10-13,-0.22808727737290635,-0.03544281032519869,-0.10444911986544247,-0.27751846150810455
2025-10-14,-0.23942459687815176,-0.035294697042181467,-0.10386293059332119,-0.2887861805453358
2025-10-15,-0.2452761091222001,-0.03420871673009973,-0.10490503598007228,-0.2838427280678395
2025-10-16,-0.2556381533349281,-0.018313797040208968,-0.08927361492516639,-0.2836256757989286
2025-10-17,-0.2528343066244686,-0.01021822391224636,-0.07722434627196317,-0.2856754849267188
2025-10-20,-0.25624772364459425,-0.009823316411993077,-0.04465893233359797,-0.27289469226258445
2025-10-21,-0.25246860164161733,-0.005133797503292681,-0.04570103772034917,-0.27494437921065673
2025-10-22,-0.23698645515054362,-0.005133797503292681,-0.04570103772034917,-0.27494437921065673
2025-10-23,-0.19553823179594632,-0.004047817191211056,-0.056643024471465186,-0.25890816905201186
2025-10-24,-0.19614770909824142,-0.017918889539955685,-0.054558813697962893,-0.2613196301448887
2025-10-27,-0.2000487172609403,-0.009823316411993077,-0.03339130262534362,-0.25608679500546416
2025-10-28,-0.21492133994603335,-0.00923098578884285,-0.03156755829364366,-0.26259775217420334
2025-10-29,-0.20858223655941177,-0.0049857454747349594,-0.02030000845856983,-0.26267002147736174
2025-10-30,-0.20760696126689437,-0.014562145160573081,-0.030525532780073084,-0.26804763958253874
2025-10-31,-0.2067536186377843,-0.02527401876175095,-0.0318932012507821,-0.2625736216799113
2025-11-03,-0.20894794154226315,-0.01999210797544093,-0.03300048315286919,-0.27250878762348785
2025-11-04,-0.21443370229977465,-0.027297866102896973,-0.04055568730192949,-0.27892334499477656
2025-11-05,-0.2256491356452982,-0.027297866102896973,-0.04055568730192949,-0.27892334499477656
2025-11-06,-0.22735582090351825,-0.0278901967260472,-0.025575552161300363,-0.27393163152869615
2025-11-07,-0.22430815536992943,-0.03021033188768729,-0.03736427449952062,-0.27853744035567984
2025-11-10,-0.21906621343554722,-0.028038310009064427,-0.03000444015010728,-0.27048323116970774
2025-11-11,-0.20565641068185936,-0.020930036258964724,-0.027334040104483703,-0.26522614335627315
2025-11-12,-0.23552358871545287,-0.023101996883128084,-0.015545397639443959,-0.24477698505540457
2025-11-13,-0.23186639937588338,-0.025915659224780674,-0.01593613723873777,-0.2510709510450917
2025-11-14,-0.2150432726094409,-0.023003315948909364,-0.010725690178162717,-0.2509985595622154
2025-11-17,-0.21735952817732707,-0.01614183641604572,-0.011116429777456527,-0.25191496853658446
2025-11-18,-0.20894794154226315,-0.02018959235279727,-0.010400047221024389,-0.2555561684904739
2025-11-19,-0.22577106830870564,-0.018067002822973022,-0.010725690178162717,-0.24094280223703735
2025-11-20,-0.22735582090351825,-0.003998446096871944,0.0,-0.2416420367627775
2025-11-21,-0.23735216013339488,-0.014660887349251195,-0.001613860485537244,-0.24024338444172022
2025-11-24,-0.22747775356692568,-0.01357490703716957,-0.008521097865288318,-0.24251018474856234
2025-11-25,-0.2383274354259124,-0.022805831571553026,-0.006068086926170557,-0.2478153502810042
2025-11-26,-0.23040348643710706,-0.008885388128469174,0.0,-0.23727728851927898
2025-11-27,-0.23040348643710706,-0.0033567443793827145,-0.004140396168178739,-0.2436194544076914
2025-11-28,-0.2295501438079971,-0.0052325396919709055,-0.0015287352227469908,-0.24340246322863934
2025-12-01,-0.22991589529453393,-0.010662502506838756,-0.0024205104553928214,-0.24439108041630786
2025-12-02,-0.23869314040876366,-0.022805831571553026,-0.015032771333707062,-0.24383644558674333
2025-12-03,-0.23601122636171157,-0.012242132507851888,-0.01981012749198685,-0.23315366194912446
2025-12-04,-0.22881873384229445,-0.015500073444096873,-0.021848493199823293,-0.22128933934921824
2025-12-05,-0.22284528893483868,-0.009477780006078906,-0.018663615133057032,-0.21911899992968553
2025-12-08,-0.23820550276250496,-0.009675264383435245,-0.017134801794049248,-0.2195289128833564
2025-12-09,-0.24491040413934884,-0.015598815632775098,-0.025797816994223788,-0.22632925271402393
2025-12-10,-0.24161891978263061,-0.022805831571553026,-0.021020382719683206,-0.23093518372072552
2025-12-11,-0.25295623928787603,-0.012439555630748833,-0.01586088181384704,-0.23028408800385158
2025-12-12,-0.2549067433692255,-0.011254833129988984,-0.008535529462641356,-0.22338728728587465
2025-12-15,-0.26173348440210586,-0.016586115010638114,-0.008726679952680283,-0.22104821767587424
2025-12-16,-0.2817262093655446,-0.01836316813454808,-0.017580689410372163,-0.2271008787226404
2025-12-17,-0.2724612801013706,-0.028531959697995934,-0.016243026561403417,-0.22403832191288964
2025-12-18,-0.27075459484315056,-0.032777200012103935,-0.016243026561403417,-0.20884612924573753
2025-12-19,-0.26283064585434524,-0.027051071885660916,-0.003057548561754664,-0.2085567465838093
2025-12-22,-0.24332560504085066,-0.02487905000703816,0.0,-0.19821154550684394
2025-12-23,-0.23954648303787374,-0.016092465321706606,-0.002983431547231463,-0.20180460665186706
2025-12-24,-0.24125316829609378,-0.015500073444096873,-0.010917867980624107,-0.19963426723233435
2025-12-26,-0.2607582556132738,-0.02053512875871144,-0.010283131748402563,-0.2090389899304974
2025-12-29,-0.24491040413934884,-0.020930036258964724,-0.018915824743363507,-0.21591172124404123
2025-12-30,-0.24515422296247824,-0.021719790005011785,-0.022597435008622324,-0.2170450603076033
2025-12-31,-0.2581982277259437,-0.021423624693436727,-0.0031737590046488906,-0.22683568764486317
2026-01-01,-0.2581982277259437,-0.02147299578777584,0.0,-0.2217233827971813
2026-01-02,-0.25941727533790504,-0.011156152195770264,0.0,-0.21610464301866006
2026-01-05,-0.2471047270438277,-0.034949160636267185,-0.008917991859113128,-0.22444829595641946
2026-01-06,-0.2600267991438857,-0.050054326580110886,-0.05319356637188788,-0.21487478197792953
2026-01-07,-0.2690479095849304,-0.06303684173967072,-0.05532887212957338,-0.20527713750514753
2026-01-08,-0.2443008338296827,-0.06535691564685142,-0.076430391073259,-0.22739026138456864
2026-01-09,-0.22784345854977694,-0.07295883908588252,-0.07347862449186848,-0.22644978300576646
2026-01-12,-0.22138242249974793,-0.07498274768148805,-0.06851732146937684,-0.21878135627917306
2026-01-13,-0.2018773351825679,-0.07458784018123477,-0.08760914993728097,-0.21193281654978036
2026-01-14,-0.1890771957459173,-0.08633626174569575,-0.08384099954952562,-0.23013936612795793
2026-01-15,-0.2227234027751167,-0.08633626174569575,-0.08384099954952562,-0.23013936612795793
2026-01-16,-0.21821287080643714,-0.08075824690227007,-0.08440622980942292,-0.21265764772642792
2026-01-19,-0.21821287080643714,-0.08391744564983694,-0.1122276657222544,-0.2232399385460455
2026-01-20,-0.20858223655941177,-0.08065950471359196,-0.12453688510607097,-0.23829095254912402
2026-01-21,-0.20468122839671288,-0.09137137831476971,-0.11787981428654715,-0.23330669204583765
2026-01-22,-0.21906621343554722,-0.09300031815566256,-0.11919865922052753,-0.22648099992369874
2026-01-23,-0.1968792120713151,-0.0955672475345386,-0.1294982651459028,-0.22351007790239907
2026-01-26,-0.20041451525116272,-0.0955672475345386,-0.1294982651459028,-0.22351007790239907
2026-01-27,-0.17627696330189557,-0.08539833346217185,-0.13301518496985043,-0.22461494909168234
2026-01-28,-0.1661586914086115,-0.07917861690125694,-0.12284127134371925,-0.21427805623553664
2026-01-29,-0.13799829164060906,-0.07641426439948396,-0.12642096029994865,-0.22795418187269623
2026-01-30,-0.138242063960053,-0.08258467112051926,-0.12365765515008409,-0.23298755862259224
2026-02-02,-0.19175906328928383,-0.0837200837813995,-0.1267977291283201,-0.22176675659704803
2026-02-03,-0.17920269617207707,-0.0633823781455849,-0.09746914088466274,-0.20809075313960634
2026-02-04,-0.15323661930855348,-0.059038456897258285,-0.08509699833388384,-0.26362968207187965
2026-02-05,-0.1765207356213394,-0.062395140022181494,-0.09351252906538143,-0.26549573290389605
2026-02-06,-0.17042540455416177,-0.07088562065039739,-0.0888651487216392,-0.27774773174880896
2026-02-09,-0.15835667508321372,-0.07468658236991299,-0.08208253963755174,-0.27612720105998234
2026-02-10,-0.1612824079533951,-0.079474782212832,-0.08402946098105146,-0.2671898768727784
2026-02-11,-0.153968029274256,-0.08470732190480301,-0.07762362072533546,-0.28555556553356587
2026-02-12,-0.1768865336115618,-0.09112452284307426,-0.09005845539105595,-0.3247668245900611
2026-02-13,-0.17408264039741672,-0.10761183441057465,-0.10845951533449905,-0.338983045670351
2026-02-16,-0.17408264039741672,-0.08599078659424098,-0.09746914088466274,-0.3354473479028982
2026-02-17,-0.17810558122352316,-0.0860894675284597,-0.10632420957681354,-0.33279568148456173
2026-02-18,-0.14238693744956676,-0.0870767056518632,-0.09483137399936181,-0.33832009852083733
2026-02-19,-0.12641710680854878,-0.0960608359690106,-0.114802509440593,-0.3424941242246399
2026-02-20,-0.12519805919658744,-0.09976311675430749,-0.10858505359906268,-0.34045622761934835
2026-02-23,-0.12848959005699123,-0.08816274721840434,-0.10318413559857764,-0.34288693201779985
2026-02-24,-0.13726688167490653,-0.10109589128362517,-0.1026816744709621,-0.3680783738905853
2026-02-25,-0.13629160638238902,-0.10395898597407638,-0.12171073380658437,-0.35442686746658947
2026-02-26,-0.13751065399435036,-0.11284437410254555,-0.11649812320294473,-0.3499091502162367
2026-02-27,-0.11642076757867215,-0.12355612519480452,-0.12459965423835284,-0.3524380871079077
2026-03-02,-0.052297951717269475,-0.13179981160578447,-0.14714571041526292,-0.3583062567805926
2026-03-03,-0.007680083661990356,-0.13179981160578447,-0.14714571041526292,-0.3583062567805926
2026-03-04,-0.007680083661990356,-0.1424128817638246,-0.1553099335656125,-0.3646163504930471
2026-03-05,0.0,-0.1334288127011367,-0.12742572852049916,-0.36682615396147267
2026-03-06,0.0,-0.15386519927116993,-0.11775419900464335,-0.3720313764846439
2026-03-09,0.0,-0.17000691317829664,-0.10569621018463449,-0.3794464635660998
2026-03-10,-0.11277279846363608,-0.16136838052152291,-0.1152421244185865,-0.38295748103052973
2026-03-11,-0.07053350638757494,-0.17667096958826345,-0.1269234214275642,-0.39479211395897784
2026-03-12,0.0,-0.1778556920890233,-0.12566734562586568,-0.40031653099525333
2026-03-13,0.0,-0.1934050753729999,-0.13288956968794652,-0.40814892290331506
2026-03-16,-0.028407992267933335,-0.17010565536697486,-0.12384603956426976,-0.4084681174164194
2026-03-17,0.0,-0.16541619771273397,-0.12227604108382195,-0.4127649337367463
2026-03-18,0.0,-0.16768690052557556,-0.11568173939657989,-0.4007093387884134
2026-03-19,0.0,-0.21196566663044492,-0.13031464895226763,-0.42153035106081627
2026-03-20,0.0,-0.2294895874156878,-0.11172520459463886,-0.41303495091338194
2026-03-23,-0.10918976498282762,-0.2653272439866804,-0.11587012381076567,-0.4147045978488184
2026-03-24,-0.06863360736317137,-0.24484154757676746,-0.11335804922470882,-0.41102161243139534
2026-03-25,-0.0888671094013942,-0.22766316319743873,-0.11254166541834398,-0.4162760122910353
2026-03-26,-0.03725822456737071,-0.22766316319743873,-0.11254166541834398,-0.4162760122910353
2026-03-27,0.0,-0.2534307703936616,-0.15336308923945297,-0.41323141589982093
2026-03-30,0.0,-0.2777668608718886,-0.15600077910741372,-0.42081834875455193
2026-03-31,0.0,-0.2777668608718886,-0.15600077910741372,-0.42081834875455193
2026-04-01,-0.14524710632565452,-0.2672031005537281,-0.14011187076736764,-0.4087136375596092
2026-04-02,-0.07874947034209023,-0.258663248831173,-0.15185585989128692,-0.3982786343899619
2026-04-06,-0.07249684783841237,-0.23881925413874938,-0.18061929489238715,-0.39258231049055214
2026-04-07,-0.07672160496934999,-0.23783201601534598,-0.1806820640246689,-0.3764018060850265
2026-04-08,-0.19940852368732032,-0.19429363256218457,-0.15355147365363875,-0.37163856869148393
2026-04-09,-0.18952260747244898,-0.21245925506491692,-0.1647303095350009,-0.3643217751931066
2026-04-10,-0.19560626805534753,-0.20001976068862748,-0.1520442443054727,-0.3802075821189739
2026-04-13,-0.16045625778290118,-0.21542109194404624,-0.17408783935476724,-0.39290144391379755
2026-04-14,-0.19907053538108388,-0.21542109194404624,-0.17408783935476724,-0.39290144391379755
2026-04-15,-0.1978876085415956,-0.20041466818888087,-0.1558751638255098,-0.3726943847240165
2026-04-16,-0.16020278266939336,-0.21468064803787879,-0.15637754793578507,-0.36729269721440627
2026-04-17,-0.2363329242189991,-0.21028729444075356,-0.14274948361798812,-0.36616320681195913
2026-04-20,-0.19324034991169303,-0.21468064803787879,-0.14381709798816078,-0.3666296889750338
2026-04-21,-0.16789180712606733,-0.19858824397063168,-0.15009732296197287,-0.35904281721016174
2026-04-22,-0.13890997062924815,-0.21028729444075356,-0.14457078967958403,-0.3767210616879898
2026-04-23,-0.11220953908335485,-0.2256393158562926,-0.1563147788035033,-0.38082141302187766
2026-04-24,-0.11001264732515748,-0.2251456661673612,-0.16611192360126303,-0.41148815568432895
2026-04-27,-0.08550904307278362,-0.22025872413576386,-0.14224709950771286,-0.399039752942836
2026-04-28,-0.0599070251736501,-0.22741636898020268,-0.12773980523392903,-0.3997518163389593
2026-04-29,-0.002703841985213007,-0.23092116538814322,-0.1048169802286475,-0.3923859065939722
2026-04-30,-0.036670860953493145,-0.23812818132692104,-0.1014255986692636,-0.39258231049055214
2026-05-01,-0.08601605776447718,-0.23812818132692104,-0.1014255986692636,-0.39258231049055214
2026-05-04,-0.03303756724229967,-0.23052619663343044,-0.0811405405492831,-0.40304187178350437
2026-05-05,-0.07165184484048248,-0.2375358507037708,-0.08082654085319352,-0.40402401344612227
2026-05-06,-0.14431771906435198,-0.21359466772579716,-0.09696667975704731,-0.40203529417729955
2026-05-07,-0.15454162358545964,-0.21408831741472856,-0.09803437114456004,-0.4103832844950456
2026-05-08,-0.14414869267889485,-0.22909474116989403,-0.09866237053673921,-0.41210198658723274
2026-05-11,-0.1194761265057418,-0.24607564117186642,-0.1281794202119224,-0.41247029734694685
2026-05-12,-0.08939587636216284,-0.25910752742576537,-0.14337756002750757,-0.43520635451825784
2026-05-13,-0.1074778317254016,-0.25994671352061105,-0.14664324928764738,-0.44195843336034113
2026-05-14,-0.10671734192020033,-0.2402507708567453,-0.1447591740937697,-0.4485386664291493
2026-05-15,-0.07680605369740057,-0.24227467945235082,-0.16071092858343783,-0.44411918167201603
2026-05-18,-0.052809464136720274,-0.24113932804593008,-0.1610249282795273,-0.43940499943522426
2026-05-19,-0.0597380632528709,-0.24726036367262627,-0.16931492074646126,-0.4286261214494498
2026-05-20,-0.11263204058231979,-0.2501727682029571,-0.14607809604509026,-0.4285525692592531
2026-05-21,-0.13324881154531443,-0.25051830460887126,-0.15242109015118432,-0.4286016244160039
2026-05-22,-0.12513728558967552,-0.24296575226417916,-0.14934378530523007,-0.4310323288144554
2026-05-25,-0.12513728558967552,-0.22317112866609468,-0.1414934848336299,-0.425582319226402
2026-05-26,-0.15859735433094013,-0.23101984632236183,-0.1482132477680952,-0.43354587106166664
2026-05-27,-0.2032952925120215,-0.25101195429780276,-0.15185585989128692,-0.431554952557921
2026-05-28,-0.20819602625543188,-0.25101195429780276,-0.15185585989128692,-0.431554952557921
2026-05-29,-0.22222218640851232,-0.2649323977408865,-0.17025691983473001,-0.43785111778253094
2026-06-01,-0.19746510704263065,-0.2667588219591357,-0.1710105345088131,-0.4282700286615291
2026-06-02,-0.18884663085997622,-0.26127948804992873,-0.17440183905085682,-0.3910655103822521
2026-06-03,-0.17355303067467898,-0.2559482674237391,-0.1752810690068437,-0.4421315009307957
2026-06-04,-0.19704267000834363,-0.255405307894928,-0.18124729428456632,-0.4423056681187115
2026-06-05,-0.21343474830507858,-0.2624642718051481,-0.1854744680200513,-0.45278270111132835
2026-06-08,-0.20363328081825793,-0.27075720680154813,-0.20295108882879653,-0.4646035277316498
2026-06-09,-0.22729194653737972,-0.2710534333675827,-0.1992286867411337,-0.4647030431119077
2026-06-10,-0.21335023511234996,-0.26266169492804503,-0.20579025605878087,-0.4639813886079265
2026-06-11,-0.2363329242189991,-0.2648830266465474,-0.20314039745106494,-0.46853545432436483
2026-06-12,-0.26210390403891193,-0.2373877374207536,-0.184212615917836,-0.4621149101468973
2026-06-15,-0.2972539143113583,-0.23255016648349547,-0.17537965120232923,-0.46196560653158114
2026-06-16,-0.33282636161809176,-0.22509623381856259,-0.16162543248124683,-0.4527577764488697
2026-06-17,-0.32784111468195287,-0.22292433444885873,-0.1591648824957993,-0.44678514311735074
2026-06-18,-0.325306299082197,-0.21117585162993824,-0.1620671269274263,-0.4516876653893388
2026-06-19,-0.325306299082197,-0.21739814087815124,-0.1738023360745602,-0.4711733755244335
2026-06-22,-0.34178282610698263,-0.21077438990252084,-0.16307659320573054,-0.4704765845930521
2026-06-23,-0.34871142522313325,-0.22256660840550846,-0.1738023360745602,-0.4874488135707945
2026-06-24,-0.3769328363794291,-0.2039499693176412,-0.17121555466848692,-0.4751551514420659
2026-06-25,-0.364089538601159,-0.2008388553207645,-0.16837638743850258,-0.4787138800863493
2026-06-26,-0.3917194863377107,-0.2008388553207645,-0.16837638743850258,-0.4787138800863493
2026-06-29,-0.38191801885089005,-0.19822947660147028,-0.17916520750897502,-0.47791751268485105
2026-06-30,-0.3838614354955796,-0.19918290226324198,-0.18364476706837118,-0.494441769726786
2026-07-01,-0.39526826685617567,-0.20098935752770142,-0.17474872515122164,-0.5066109918127981
2026-07-02,-0.393324850211486,-0.2012402557937224,-0.17758789238120598,-0.48533345502433245
2026-07-03,-0.393324850211486,-0.1960717882663653,-0.17727242935565213,-0.47901248731698165
2026-07-06,-0.3917194863377107,-0.16716832027163653,-0.16635737786455407,-0.48794651265180145
2026-07-07,-0.3733839913962862,-0.16772028420599094,-0.17449633932731057,-0.4783654235307996
2026-07-08,-0.34076892565295147,-0.18678855242358783,-0.19500143598830844,-0.4879714067693306
2026-07-09,-0.35530203603304744,-0.17951250270897845,-0.19254080898552062,-0.4899622947281468
2026-07-10,-0.35775240290475263,-0.17208588953297277,-0.1748748795545071,-0.48510956069121713
2026-07-13,-0.2961554361999207,-0.17911104098156105,-0.1817519889150483,-0.45711281140479243
2026-07-14,-0.284072628226852,-0.1876917494285878,-0.184212615917836,-0.45235959274812054
2026-07-15,-0.28221378923956886,-0.1816200236417712,-0.18263530079006696,-0.4522094949646378
2026-07-16,-0.2882973853577896,-0.1887957385517559,-0.18194129753731658,-0.4492568388111694
2026-07-17,-0.25559780642172625,-0.17745514917849803,-0.16263497577689123,-0.43224160257271393
2026-07-20,-0.24613432724114193,-0.21960605787002807,-0.1652217571829645,-0.43672058885248133
2026-07-21,-0.23100968897662388,-0.23581404910230974,-0.17746173797792053,-0.4442273107223882
2026-07-22,-0.20515419596398254,-0.2441438592833155,-0.18698870594617767,-0.4474301909381869
2026-07-23,-0.14921838834308432,-0.2500650828631952,-0.1973359085878108,-0.43877247503547645
2026-07-24,-0.18225602005006203,-0.2545310842492611,-0.19367650668445047,-0.43591988407099647
2026-07-27,-0.2534009146635289,-0.2577927617075342,-0.19241465458223528,-0.42558561807878625
2026-07-28,-0.2894803766619558,-0.26195763617080736,-0.20017507581779515,-0.3999626985321145
2026-07-29,-0.23329109392754988,-0.24911165720142336,-0.19500143598830844,-0.38780178466692194
2026-07-30,-0.24773975557959516,-0.2433409970829401,-0.18427569311947878,-0.3915051130073811
2026-07-31,-0.23852975151251865,-0.2491618246037357,-0.1748748795545071,-0.40806993371567035
2026-08-03,-0.2921842186471688,-0.24429442274471191,-0.16780853858903766,-0.38102074923168816
2026-08-04,-0.3294465430204061,-0.25533394644963636,-0.18553754522169408,-0.3844488066676405
2026-08-05,-0.32868611767988276,-0.26235909789822476,-0.19241465458223528,-0.39620933759716115
2026-08-06,-0.3029995865880206,-0.2630616252939755,-0.16402298228239198,-0.4062183000903702
2026-08-07,-0.29404305763445193,-0.2663734701545609,-0.15783987617460105,-0.38627545454062284
2026-08-10,-0.2588085986339548,-0.2663734701545609,-0.16257182155790828,-0.39303150422353905
2026-08-11,-0.2487536560336263,-0.268380656282729,-0.16471698553514225,-0.3880270229769345
2026-08-12,-0.24816219261388217,-0.268380656282729,-0.16149927807796138,-0.41204853296063637
2026-08-13,-0.2643007957971093,-0.27239502853906516,-0.16907039069125296,-0.40571785196570975
2026-08-14,-0.2520490259032614,-0.2703878424108971,-0.17348687304900634,-0.4092209888383329
2026-08-17,-0.23219261581611217,-0.268380656282729,-0.16970131674236055,-0.4211817112356896
2026-08-18,-0.2309252402485732,-0.27440221466723336,-0.16591576043571477,-0.42948913788708143
2026-08-19,-0.2258554801197058,-0.2774129938594855,-0.17285594699789875,-0.42723712132610936
2026-08-20,-0.20760456283568773,-0.27234486113675294,-0.171467940492398,-0.4249851047651373
2026-08-21,-0.20245035397876954,-0.2704380098132094,-0.16970131674236055,-0.4239842085158164
2026-08-24,-0.22120828595448105,-0.268380656282729,-0.1736130274522918,-0.4284631947955838
2026-08-25,-0.25154201121156783,-0.2698860458788551,-0.16907039069125296,-0.4254355202953035
2026-08-26,-0.2577946981799236,-0.27018711154718844,-0.18105798566229792,-0.4319913785103836
2026-08-27,-0.24207859649566144,-0.28644533143624185,-0.19102664807673453,-0.4373962426926602
2026-08-28,-0.24537390190061859,-0.27711192819115216,-0.18799817222448179,-0.41397524602260727
2026-08-31,-0.23540347249301863,-0.28845251756441004,-0.19430743273555806,-0.39963739503311346
2026-09-01,-0.20025346222057216,-0.2855420731767825,-0.17411779910011405,-0.40721919633969117
2026-09-02,-0.19197297434415406,-0.2966819929407911,-0.17153101769404078,-0.41247390164862596
2026-09-03,-0.19290242607013464,-0.29081093676322367,-0.17821881843231357,-0.41945512855169564
2026-09-04,-0.18648077718099965,-0.28534140356753324,-0.16591576043571477,-0.4234837603911559
2026-09-07,-0.18648077718099965,-0.2869471279682839,-0.1738023360745602,-0.4319913785103836
2026-09-08,-0.1726235789486984,-0.2944740759489143,-0.18301384101726348,-0.43561962741417193
2026-09-09,-0.1448246692913675,-0.3104312301696345,-0.19304558063334287,-0.44750527037485777
2026-09-10,-0.09057880320165113,-0.3037071443893794,-0.19620021088888095,-0.4484811197820021
2026-09-11,-0.11609630790805614,-0.289205212362473,-0.20661049073215687,-0.4493068714056636
2026-09-14,-0.10705533022643665,-0.289205212362473,-0.20661049073215687,-0.4493068714056636
2026-09-15,-0.0811153240210668,-0.28087540218146734,-0.22061701825981017,-0.43674563569465796
2026-09-16,-0.10578789019421986,-0.27590760426335936,-0.21765169662654038,-0.45230956015362633
2026-09-17,-0.1143219176488236,-0.28443814530807376,-0.21519106962375256,-0.4520093034968019
2026-09-18,-0.122348930411734,-0.2663734701545609,-0.22623227551813607,-0.4732783487948712
2026-09-21,-0.15217576990648307,-0.2578429291098465,-0.21298282844487593,-0.4673480507356166
2026-09-22,-0.16138570950888165,-0.258746187369306,-0.2173993108026293,-0.4732783487948712
2026-09-23,-0.1290240544143768,-0.2601010135040356,-0.2126042882176793,-0.4771317749188131
2026-09-24,-0.09928179257703418,-0.2684809910873537,-0.2307749892965152,-0.4777823819168153
2026-09-25,-0.11854667477976122,-0.2617569665615581,-0.22648466134204714,-0.4790335022284664
2026-09-28,-0.11043514882412242,-0.2783664195212572,-0.24440297659697185,-0.48186104635076976
2026-09-29,-0.13316436281726374,-0.2747032803355667,-0.25424540759078285,-0.49144460961105985
2026-09-30,-0.17887620145237626,-0.28875358323274325,-0.25109077733524465,-0.486890513349692
