date,asset,issue,value
2025-01-01,BZ=F,Missing value,
2025-01-20,BZ=F,Missing value,
2025-02-01,BZ=F,Missing value,
2025-02-17,BZ=F,Missing value,
2025-05-26,BZ=F,Missing value,
2025-06-19,BZ=F,Missing value,
2025-09-01,BZ=F,Missing value,
2025-11-27,BZ=F,Missing value,
2026-01-01,BZ=F,Missing value,
2026-01-19,BZ=F,Missing value,
2026-02-16,BZ=F,Missing value,
2026-05-25,BZ=F,Missing value,
2026-06-19,BZ=F,Missing value,
2026-07-03,BZ=F,Missing value,
2026-09-07,BZ=F,Missing value,
2026-03-10,BZ=F,Abnormal move,-0.11277279846363608
2026-03-12,BZ=F,Abnormal move,0.09219390539302297
2026-03-23,BZ=F,Abnormal move,-0.10918976498282762
2026-04-01,BZ=F,Abnormal move,-0.14524710632565452
2026-04-08,BZ=F,Abnormal move,-0.13288182565335294
2026-04-17,BZ=F,Abnormal move,-0.09065300524761721
2026-07-13,BZ=F,Abnormal move,0.0959084424502672
2026-07-27,BZ=F,Abnormal move,-0.08700142875747297
2025-02-26,HDFCBANK.NS,Missing value,
2025-03-14,HDFCBANK.NS,Missing value,
2025-03-31,HDFCBANK.NS,Missing value,
2025-04-10,HDFCBANK.NS,Missing value,
2025-04-14,HDFCBANK.NS,Missing value,
2025-05-01,HDFCBANK.NS,Missing value,
2025-08-15,HDFCBANK.NS,Missing value,
2025-08-27,HDFCBANK.NS,Missing value,
2025-10-02,HDFCBANK.NS,Missing value,
2025-10-22,HDFCBANK.NS,Missing value,
2025-11-05,HDFCBANK.NS,Missing value,
2026-01-26,HDFCBANK.NS,Missing value,
2026-03-03,HDFCBANK.NS,Missing value,
2026-03-26,HDFCBANK.NS,Missing value,
2026-03-31,HDFCBANK.NS,Missing value,
2026-04-14,HDFCBANK.NS,Missing value,
2026-03-19,HDFCBANK.NS,Abnormal move,-0.053199650627666184
2026-03-23,HDFCBANK.NS,Abnormal move,-0.04651157983808685
2026-04-08,HDFCBANK.NS,Abnormal move,0.05712439300525385
2026-06-12,HDFCBANK.NS,Abnormal move,0.03740260424183384
2026-07-20,HDFCBANK.NS,Abnormal move,-0.051244511043297525
2025-02-26,RELIANCE.NS,Missing value,
2025-03-14,RELIANCE.NS,Missing value,
2025-03-31,RELIANCE.NS,Missing value,
2025-04-10,RELIANCE.NS,Missing value,
2025-04-14,RELIANCE.NS,Missing value,
2025-05-01,RELIANCE.NS,Missing value,
2025-08-15,RELIANCE.NS,Missing value,
2025-08-27,RELIANCE.NS,Missing value,
2025-10-02,RELIANCE.NS,Missing value,
2025-10-22,RELIANCE.NS,Missing value,
2025-11-05,RELIANCE.NS,Missing value,
2026-01-26,RELIANCE.NS,Missing value,
2026-03-03,RELIANCE.NS,Missing value,
2026-03-26,RELIANCE.NS,Missing value,
2026-03-31,RELIANCE.NS,Missing value,
2026-04-14,RELIANCE.NS,Missing value,
2025-04-28,RELIANCE.NS,Abnormal move,0.05259927244439733
2025-05-12,RELIANCE.NS,Abnormal move,0.04305835495745569
2026-01-06,RELIANCE.NS,Abnormal move,-0.04467397667305939
2026-03-27,RELIANCE.NS,Abnormal move,-0.04599812997457742
2025-02-26,TCS.NS,Missing value,
2025-03-14,TCS.NS,Missing value,
2025-03-31,TCS.NS,Missing value,
2025-04-10,TCS.NS,Missing value,
2025-04-14,TCS.NS,Missing value,
2025-05-01,TCS.NS,Missing value,
2025-08-15,TCS.NS,Missing value,
2025-08-27,TCS.NS,Missing value,
2025-10-02,TCS.NS,Missing value,
2025-10-22,TCS.NS,Missing value,
2025-11-05,TCS.NS,Missing value,
2026-01-26,TCS.NS,Missing value,
2026-03-03,TCS.NS,Missing value,
2026-03-26,TCS.NS,Missing value,
2026-03-31,TCS.NS,Missing value,
2026-04-14,TCS.NS,Missing value,
2025-01-10,TCS.NS,Abnormal move,0.05615456285801357
2025-05-12,TCS.NS,Abnormal move,0.052350004324647204
2026-02-04,TCS.NS,Abnormal move,-0.07013294661283864
2026-02-12,TCS.NS,Abnormal move,-0.05488356709752973
2026-04-24,TCS.NS,Abnormal move,-0.04952810595747359
2026-06-02,TCS.NS,Abnormal move,0.06507358393714768
2026-06-03,TCS.NS,Abnormal move,-0.08386122221554515
2026-07-13,TCS.NS,Abnormal move,0.05437418749512801
2025-01-01,^TNX,Missing value,
2025-01-09,^TNX,Missing value,
2025-01-20,^TNX,Missing value,
2025-02-01,^TNX,Missing value,
2025-02-17,^TNX,Missing value,
2025-05-26,^TNX,Missing value,
2025-06-19,^TNX,Missing value,
2025-07-04,^TNX,Missing value,
2025-09-01,^TNX,Missing value,
2025-11-27,^TNX,Missing value,
2026-01-01,^TNX,Missing value,
2026-01-19,^TNX,Missing value,
2026-02-16,^TNX,Missing value,
2026-05-25,^TNX,Missing value,
2026-06-19,^TNX,Missing value,
2026-07-03,^TNX,Missing value,
2026-09-07,^TNX,Missing value,
2026-09-30,^TNX,Missing value,
2025-04-03,^TNX,Abnormal move,-0.14100027084350586
2025-04-07,^TNX,Abnormal move,0.17000031471252441
2025-08-01,^TNX,Abnormal move,-0.1400003433227539
2026-09-23,^TNX,Abnormal move,0.14599990844726562
