Date,BZ=F,HDFCBANK.NS,RELIANCE.NS,TCS.NS,^TNX
2025-01-03,0.0076386385977025295,-0.024836265035988347,0.00752945301111696,-0.01816445167082048,0.021000385284423828
2025-01-06,-0.002744727207022457,-0.022124410145508033,-0.026495753747466266,-0.0011950803176966618,0.021999835968017578
2025-01-07,0.009829619528209488,0.00169544115365583,0.01876021299125341,-0.016288184654991378,0.06500005722045898
2025-01-08,-0.011550932568433314,-0.011147453960389075,0.019865530979382928,0.019884270135265503,0.009999752044677734
2025-01-09,0.009978918990179109,-0.015640620615835488,-0.008494763778998937,-0.016928700928474316,0.0
2025-01-10,0.036921529314749124,-0.006625557373826418,-0.010240996308177985,0.05615456285801357,0.08300018310546875
2025-01-13,0.01567201562839715,-0.015632938696571452,-0.0016507150421680716,0.005966418149385921,0.026999950408935547
2025-01-14,-0.013455177614390745,0.00965738753901646,-0.0008871995398558319,-0.013528104908881677,-0.014999866485595703
2025-01-15,0.026401409643318052,-0.002155889953832313,0.010857618472363662,0.003909800436379118,-0.13500022888183594
2025-01-16,-0.00902106393735913,0.005477684608542033,0.011380021144143493,-0.010189242896405437,-0.04699993133544922
2025-01-17,-0.006150817989528323,-0.009261302721310316,0.028346977701285025,-0.0014527752987689713,0.0030002593994140625
2025-01-20,0.0,0.008859025066953796,0.0023803347179069956,-0.01127456221174572,0.0
2025-01-21,-0.018566654078496336,-0.005359542446429111,-0.024321110451110406,-0.01028735095994271,-0.03500032424926758
2025-01-22,-0.0036574714614557857,0.014399678507978075,0.00266935709712679,0.029919361108689202,0.02500009536743164
2025-01-23,-0.008987330183198194,-0.0006902612620759419,-0.01053167209564354,-0.0026824970550558547,0.03900003433227539
2025-01-24,0.0026823231832535654,-0.009069638391378088,-0.013729944340881262,0.0016644212554883797,-0.012000083923339844
2025-01-27,-0.01808914864898492,-0.012122625867608927,-0.013600401095603454,-0.021000214363175895,-0.09800004959106445
2025-01-28,0.005319097340104939,0.02491101500232351,0.004108023069107958,-0.006112936598640206,0.023000240325927734
2025-01-29,-0.011743399894198592,0.004130706911576132,0.0008910167695281856,0.014726688254486087,0.0039997100830078125
2025-01-30,0.0037869013919211714,0.008466020110509342,0.01420481101409754,6.096431609781128e-05,-0.0429997444152832
2025-01-31,-0.0014309952702122875,0.004286101872654546,0.0096164947627011,0.003012056324078305,0.05699968338012695
2025-02-01,0.0,-0.004591637785077429,-0.00039523248984307813,-0.00954420104081688,0.0
2025-02-03,-0.010422134308151754,-0.0076583789402612235,-0.014787208604033264,-0.0011047271337882858,-0.02599954605102539
2025-02-04,0.0031595295769111242,0.025566146449135907,0.03154335209732628,0.009437924133714581,-0.03000020980834961
2025-02-05,-0.020866094508778077,0.00982052333493355,-0.005446621423933262,-0.003883484801336712,-0.09100008010864258
2025-02-06,-0.004288965181697413,0.003481341992783049,0.0026209472919784815,-0.0020410793005868344,0.018000125885009766
2025-02-07,0.004980518804983625,-0.006365173963728266,-0.01158756678390982,-0.013067179652977656,0.04699993133544922
2025-02-10,0.01620679112137169,-0.009811064498901345,-0.010302333990412138,0.001873724115955655,0.006000041961669922
2025-02-11,0.014893860715839757,-0.008363671494921565,-0.014996213895739241,-0.018181959618783994,0.04400014877319336
2025-02-12,-0.023636359673041785,0.0031738806410355203,-0.014819609664862288,-0.003380821653052757,0.09999990463256836
2025-02-13,-0.0021282742944915833,-0.005331669610529555,-0.0003699149721845263,-0.01012630413683746,-0.1119999885559082
2025-02-14,-0.0037323219384968187,-0.0016787400730168267,0.0009456318389988727,0.0063170086506265655,-0.05299997329711914
2025-02-17,0.0,0.01327552455066372,0.006284634931411404,-0.0077131933430303334,0.0
2025-02-18,0.014717667989850414,0.003319063649391163,0.0004083041546305566,-0.008016414405865424,0.07200002670288086
2025-02-19,0.002637191288164642,0.0024084736932075135,0.0016728413122777397,-0.023004209003651188,-0.009000301361083984
2025-02-20,0.005786460232885204,-0.023216725677409955,0.004521536732671194,-0.0012420341525040124,-0.034999847412109375
2025-02-21,-0.02680443203160454,0.00320070824690033,-0.003933493591583903,0.0017462817445790257,-0.07999992370605469
2025-02-24,0.004702384424103645,-0.009098889114868336,-0.011073536656446947,-0.029159931507897086,-0.026999950408935547
2025-02-25,-0.023535733684950655,0.0031303292481248413,-0.008686383010429899,-0.012528631334162932,-0.0950002670288086
2025-02-26,-0.006710461329719308,0.0,0.0,0.0,-0.048999786376953125
2025-02-27,0.020819001263536308,0.010907348131034889,0.002574774875932162,-0.004683814839673506,0.03599977493286133
2025-02-28,-0.01161535115771728,0.01863944442320431,-0.005799020532345489,-0.03579191114878355,-0.053999900817871094
2025-03-03,-0.021317266358133913,-0.017807618912381695,-0.024039698599903736,0.0028135303964813563,-0.051000118255615234
2025-03-04,-0.008098321820887766,0.004966063972997592,-0.007982883563999676,0.011165141337087459,0.03000020980834961
2025-03-05,-0.024493212856775415,-0.011695925787411077,0.01179108698944109,0.004246705673023543,0.05499982833862305
2025-03-06,0.002308744959150344,0.0007100231514729494,0.02892137553821139,0.015378991836482614,0.020999908447265625
2025-03-07,0.012957119748653989,-0.0011529596908068651,0.03323414970498373,0.002665472832152904,0.031000137329101562
2025-03-10,-0.015349656362791397,-0.0010359876729750805,-0.009121537517458145,-0.00596763147450341,-0.10400009155273438
2025-03-11,0.004041552890161837,-0.0011852244257440914,0.0071867371517375656,-0.003997572543844585,0.07500028610229492
2025-03-12,0.019982740633042395,0.015218094810931948,0.007816871127249048,-0.01932710642370994,0.029999732971191406
2025-03-13,-0.015081039335417823,-0.002659094578994048,-0.0072788470127675975,0.0013832780753801899,-0.043999671936035156
2025-03-14,0.010017238196191824,0.0,0.0,0.0,0.03399991989135742
2025-03-17,0.006942446175368877,0.002226745411427533,-0.007252396828106189,-0.003802169029587632,-0.0019998550415039062
2025-03-18,-0.0071760537275985525,0.0,0.0,0.0,-0.02500009536743164
2025-03-19,0.0031179312402955794,0.01970294260296268,0.006699917956740187,-0.00017154530676399826,-0.02500009536743164
2025-03-20,0.017236525031701033,0.01413336494624362,0.01764022707469448,0.018886912005049883,-0.023000240325927734
2025-03-21,0.0022222730848524552,0.000904595147098064,0.005672953035154915,0.004195842488704304,0.01900005340576172
2025-03-24,0.011640746885545061,0.016748088583559806,0.020174729062875096,0.014211480042614077,0.07899999618530273
2025-03-25,0.00027392661734793045,0.011916664815102784,-0.012786945794292182,0.007936152716872424,-0.023999691009521484
2025-03-26,0.010545115144620532,-0.008180266495797062,-0.009646421132837424,-0.006000974241707979,0.03099966049194336
2025-03-27,0.003252444244366881,0.010406558422902057,0.004045346724523613,0.004235684987601962,0.031000137329101562
2025-03-28,-0.005403235613597901,0.001561273795473106,-0.002425308203808707,-0.012338539456226427,-0.11399984359741211
2025-03-31,0.015075385736212699,0.0,0.0,0.0,-0.009000301361083984
2025-04-01,-0.0033449291831086914,-0.03301060437727232,-0.017645690501992828,-0.01534873000678183,-0.08999967575073242
2025-04-02,0.006175313433542051,0.01643243138646744,-0.0011574254964470398,-0.0019290974236606528,0.039999961853027344
2025-04-03,-0.06417608745088232,-0.0011407812535323414,-0.0019582418867142293,-0.03972959465273007,-0.14100027084350586
2025-04-04,-0.06501279723801556,0.01250798982403678,-0.03523675903814394,-0.030486586835161145,-0.06999993324279785
2025-04-07,-0.020890556699150298,-0.03279599423742208,-0.032373254415905106,-0.007683181009509488,0.17000031471252441
2025-04-08,-0.021647709227028633,0.006514290898725017,0.014154725390701506,0.005772762930537745,0.10699987411499023
2025-04-09,0.04234326130263466,-0.002345785303134007,0.0026645384242292014,-0.014075482388078542,0.1380000114440918
2025-04-10,-0.03283447488783986,0.0,0.0,0.0,-0.006000041961669922
2025-04-11,0.02258013996258179,0.023654381134639912,0.02834600587270697,-0.004651167584666549,0.0989999771118164
2025-04-14,0.0018529202166341907,0.0,0.0,0.0,-0.12900018692016602
2025-04-15,-0.0032367307854901384,0.03218483328956068,0.01735106601006997,0.005167880441765416,-0.0409998893737793
2025-04-16,0.018246487375693565,0.007024491948179223,-0.0006450607873236258,0.007881314475890688,-0.04400014877319336
2025-04-17,0.032042530892096854,0.015282182622484042,0.028403081361119353,0.007666914470081387,0.0540003776550293
2025-04-21,-0.025014669969743997,0.010699099284976477,0.016476946736505127,0.006881125874166338,0.07200002670288086
2025-04-22,0.01780863669080035,0.017954519750174036,-0.003319087131763432,-0.0021676032930273426,-0.01600027084350586
2025-04-23,-0.01957294850294633,-0.019269017622261853,0.006815330221019433,0.029748892972064622,-0.0019998550415039062
2025-04-24,0.006503331629066134,-0.003690434913577345,0.0012307715038371025,-0.003340097444837098,-0.0820002555847168
2025-04-25,0.0048084099196110675,-0.0029215408770987272,-0.0009219202768825374,0.01364065596526709,-0.03900003433227539
2025-04-28,-0.015103964329986397,0.004709074904107213,0.05259927244439733,-0.0013051722311487879,-0.04999971389770508
2025-04-29,-0.02444580314957534,-0.005936875407880238,0.022574383142954124,0.00842163710848598,-0.043000221252441406
2025-04-30,-0.017587565262493943,0.008487005611003795,0.0037865383223170124,-0.005413945646761009,0.004000186920166016
2025-05-01,-0.01568437706784309,0.0,0.0,0.0,0.053999900817871094
2025-05-02,-0.013520040852195825,-0.0016104005388690723,0.010533849468939094,-0.006572703470367758,0.09100008010864258
2025-05-05,-0.017294850015616037,0.0077527826000634015,0.008099785134819015,0.006791144983142816,0.020999908447265625
2025-05-06,0.031877834936661076,-0.002633254447821476,-0.007266177649733696,0.001650118535203804,-0.034999847412109375
2025-05-07,-0.01657284905399803,0.007195787492521699,-0.010486336160832499,-0.004306347385682252,-0.03299999237060547
2025-05-08,0.028141381720572012,-0.008789053031022953,0.0007112498232164643,0.0011028921986198092,0.09800004959106445
2025-05-09,0.017027366203469896,-0.020119329905647354,-0.021179865301615197,-0.002493532563176859,0.0019998550415039062
2025-05-12,0.016429341880260795,0.03571999269772341,0.04305835495745569,0.052350004324647204,0.0819997787475586
2025-05-13,0.025708100253722055,-0.017678330000462705,-0.014479665855579138,-0.02911270826011636,0.04200029373168945
2025-05-14,-0.008104471526143464,-0.006241493206634363,0.006145528537022882,0.009587450582935642,0.028999805450439453
2025-05-15,-0.023604140490765535,0.012142736728829595,0.020921051471469054,0.008791940681147858,-0.07299995422363281
2025-05-16,0.013637143955670394,0.0004653975673025723,0.0015128514905287105,-0.005195582122992648,-0.01399993896484375
2025-05-19,0.001987421589050742,0.002067507550579162,-0.010711341598050206,-0.0119338704462858,0.03399991989135742
2025-05-20,-0.0024413130893238266,-0.012276239952846102,-0.011243827538186757,-0.005825876368613869,0.006000041961669922
2025-05-21,-0.0071886450145731695,0.0062144423982861685,0.003228928712150969,0.007860961311650039,0.11500024795532227
2025-05-22,-0.007240813344422614,-0.0035810974917631633,-0.013853748367148477,-0.01384086278488228,-0.043000221252441406
2025-05-23,0.005276168916966917,0.007135792229040261,0.012345734016484755,0.010813951732284499,-0.04400014877319336
2025-05-26,0.0,0.003413311811998554,0.0056068761250060994,0.006458813492202786,0.0
2025-05-27,-0.01065147351664919,-0.00716419775757926,-0.008851440092437768,-0.010912241945165713,-0.07499980926513672
2025-05-28,0.012638558812171352,-0.0014535989272199679,-0.006469209739104365,-0.0002858271241038546,0.043000221252441406
2025-05-29,-0.011556240098098303,0.0020795460868408,0.003468034209246351,0.00011436353784266551,-0.053000450134277344
2025-05-30,-0.0038971160413635575,0.009027269201477672,0.0021864194149390226,-0.00991979205582183,-0.007999897003173828
2025-06-02,0.011424033022024549,-0.00658132635298192,-0.0050672635520357945,-0.0039267950566752585,0.046000003814697266
2025-06-03,0.01547269135845597,-0.0038817688482614132,-0.005800360272230853,-0.012928291100582467,-0.0019998550415039062
2025-06-04,-0.01173238877480387,0.008625134369516951,0.012806788518611167,0.0016888036948825569,-0.0950002670288086
2025-06-05,0.0074004890999408435,0.004327195311416787,0.013277207814544667,-0.002898598409566744,0.029000282287597656
2025-06-06,0.01729422935637981,0.01492620501066666,0.0007625285628107825,0.0038859980101146885,0.11600017547607422
2025-06-09,0.0085752923778597,0.00010106074373594787,0.0036717291441485944,0.011140013541747429,-0.028000354766845703
2025-06-10,-0.0025357721751751994,-0.00687245300228756,-0.007109403277025583,0.011981571630630405,-0.007999897003173828
2025-06-11,0.04336763537268751,-0.0075815761441124785,0.007229809741173154,0.002599054891809338,-0.06199979782104492
2025-06-12,-0.00587639461719236,-0.003588965038381242,-0.005038340761961302,-0.010858690781282765,-0.05500030517578125
2025-06-13,0.07021341845050699,-0.01327577260643853,-0.00950328877215667,0.003348628372160878,0.06699991226196289
2025-06-16,-0.013471641583949756,0.009282435811056589,0.006933222869926148,0.014685146348324407,0.028000354766845703
2025-06-17,0.04397096058583916,-0.0029967853941785805,-0.004590408482557651,0.0054342904317330465,-0.05900001525878906
2025-06-18,0.0032701113143176475,0.002228485640016764,-0.0007684958841638334,-0.018177739217126176,0.0039997100830078125
2025-06-19,0.0,0.0007238781660565685,0.0022376098916994103,-0.007938834170525877,0.0
2025-06-20,0.004041788791692813,0.015191485224747447,0.0229540053991637,0.0034171723735036963,-0.021999835968017578
2025-06-23,-0.07180883814954742,-0.008296485775162177,-0.006411090241396078,-0.012253732896114311,-0.05499982833862305
2025-06-24,-0.060716336925915604,0.006415555606764212,-0.004118687016805178,-0.0009430862769067572,-0.026999950408935547
2025-06-25,0.008042909151569022,0.009842427771912687,0.011373147212886403,0.01604541863598108,0.0
2025-06-26,0.0007388157732319822,0.02100801401635133,0.01908257690602988,-0.0008708542674488173,-0.04000043869018555
2025-06-27,0.0005904810888912593,0.007550723257445657,0.013442087140335568,-0.00020333690464002796,0.03000020980834961
2025-06-30,-0.0023608682402260772,-0.006650472504652782,-0.009766355922302017,0.006073617739626114,-0.05299997329711914
2025-07-01,-0.007395355649848168,0.005296008397041696,0.018525947099128137,-0.00932994819111066,0.020999908447265625
2025-07-02,0.029801817639851125,-0.012971503743565704,-0.006281009205256427,-0.0018659474155887645,0.04200029373168945
2025-07-03,-0.004485567296425685,0.0005538408190579602,-0.0006585068990413445,-0.006572725095096543,0.05499982833862305
2025-07-04,-0.00741282141872579,0.001107193704058096,0.006259167109516239,0.005586894785887475,0.0
2025-07-07,0.018890040975735767,-0.0009551381479699916,0.009297338276263556,-0.002368450855875781,0.04699993133544922
2025-07-08,0.008192004596496272,0.007044384340888499,-0.002529982994201152,-0.0016121804804564155,0.019999980926513672
2025-07-09,0.0005702197385211161,0.0048965508153810955,-0.012096806482165712,-0.006576135505813485,-0.07299995422363281
2025-07-10,-0.022082960504976934,-0.002486106189528603,-0.00118496195014961,-0.0005319469787221642,0.004000186920166016
2025-07-11,0.02505829306523144,-0.01121523641621136,-0.014500401948113417,-0.034299231001064134,0.07699966430664062
2025-07-14,-0.01634453547332282,-0.0003528072128694548,-0.007691329035668826,-0.013257828166635344,0.004000186920166016
2025-07-15,-0.007224389634649997,0.006303589038414659,0.0011458537942672375,0.009184812374586127,0.06199979782104492
2025-07-16,-0.002765280802473291,0.00040090406953474655,0.0001346130302264381,-0.002529811857402642,-0.03399991989135742
2025-07-17,0.014594279757618622,-0.0047087194874023686,-0.006192774888766461,-0.0073924031916772215,0.007999897003173828
2025-07-18,-0.00345221339698476,-0.01484725469288306,-0.00027095063894810867,-0.0060138098943574025,-0.03099966049194336
2025-07-21,-0.0010103882225404037,0.022018982052014247,-0.03211380842210021,-0.009937703720774071,-0.059999942779541016
2025-07-22,-0.008958282831723507,0.0032991454681567944,-0.011059745551301958,0.00044330359565436517,-0.03600025177001953
2025-07-23,-0.0011662663060381107,0.00856965313813407,0.008352125623248163,0.0061717118325870235,0.05200004577636719
2025-07-24,0.009779567188058724,-0.004989442785946707,-0.015232315630201554,-0.009782703197908749,0.019999980926513672
2025-07-25,-0.01069670223337893,-0.0022894633978292056,-0.007983477847461673,-0.0038755219192346813,-0.021999835968017578
2025-07-28,0.023378118308673423,0.001945526375720652,-0.002945981984557977,-0.01801766225375212,0.03399991989135742
2025-07-29,0.03526557950337694,0.006522271262082935,0.02125974044296597,-0.007566666107903908,-0.09000015258789062
2025-07-30,0.010067517666977333,0.002077587109102108,-0.004939663693119933,-0.0007853754259282697,0.046000003814697266
2025-07-31,-0.009694143981179404,-0.0037516518796359977,-0.01411256012262685,-0.005501699264810811,-0.015999794006347656
2025-08-01,-0.03943196826811379,-0.002972929019413595,0.002517666933043783,-0.011130083722217021,-0.1400003433227539
2025-08-04,-0.013061519400476507,-0.010038762947834123,0.012771749405182442,0.023776079653033744,-0.019999980926513672
2025-08-05,-0.016288579287170868,-0.007228948535774382,-0.014027645661354837,-0.0034152365386060923,-0.0039997100830078125
2025-08-06,-0.011088113642336639,0.0038936654662875547,0.0007904846701709545,-0.01031360242944035,0.023999691009521484
2025-08-07,-0.00687694855239962,0.00508739190862606,-0.002441185464059914,0.004847864824636838,0.024000167846679688
2025-08-08,0.0024084906214034696,-0.010774760784228898,-0.015546263763997925,-0.0034789104821455474,0.0409998893737793
2025-08-11,0.0006007045761704521,0.01099339634295271,0.01345223906930193,0.0014490794777888283,-0.012000083923339844
2025-08-12,-0.0076541276881079146,-0.01287827459922819,-0.004184030550368867,-0.0017759488130711931,0.020000457763671875
2025-08-13,-0.007410851070924873,0.005279416637375078,0.00159364347911084,0.00026370813172671426,-0.05500030517578125
2025-08-14,0.018436677359599418,0.005453712621415141,-0.002396234915443829,-0.00457808275438365,0.05500030517578125
2025-08-15,-0.014811458976821013,0.0,0.0,0.0,0.034999847412109375
2025-08-18,0.011389521904009658,0.0062779420585099555,0.005750387752597064,-0.003672663873053872,0.013000011444091797
2025-08-19,-0.012162125783058308,-0.006238775388107243,0.0277918481328272,0.0016604080129907217,-0.03900003433227539
2025-08-20,0.015959802519404764,-0.001456464608844854,-0.004999603624136206,0.027319071857849764,-0.006000041961669922
2025-08-21,0.012417742018698608,0.0015088937729046403,0.008351050852788644,0.0012909086582213458,0.03399991989135742
2025-08-22,0.0008867325197567943,-0.013358792659587615,-0.010948986783200665,-0.015664265721204385,-0.06999969482421875
2025-08-25,0.015798016267404735,-0.0002544822092365173,0.002412750251587381,0.02835630889073726,0.014999866485595703
2025-08-26,-0.022965141874573214,-0.008808058620231485,-0.019609227068779322,0.00528557384784567,-0.017000198364257812
2025-08-27,0.012347542635852582,0.0,0.0,0.0,-0.019999980926513672
2025-08-28,0.00837618911479976,-0.016026371585568855,0.0007221359781603987,-0.020112835803537732,-0.031000137329101562
2025-08-29,-0.007286505100364549,-0.006473164848890711,-0.02070862138199292,-0.0029090011859400633,0.020000457763671875
2025-09-01,0.0,-0.0010508991029281045,-0.0024314600515965568,0.009044600730373498,0.0
2025-09-02,0.014973526158843065,-0.006416915096540965,0.009306434069823899,-0.00035340108515213853,0.04999971389770508
2025-09-03,-0.022273661109663112,0.010534648106045319,0.004463939560155561,-0.00449940723509068,-0.06599998474121094
2025-09-04,-0.009023677871606517,0.007124489331857609,-0.009689625876550978,-0.0005812834288252411,-0.034999847412109375
2025-09-05,-0.022242094510878774,0.0022367054380347806,0.011550109855192225,-0.015311406122788251,-0.09000015258789062
2025-09-08,0.007938880046815422,0.0026987552237063284,0.0025454506535760313,-0.009611889183457012,-0.039999961853027344
2025-09-09,0.005604404201691171,-0.0008798649970191974,-0.001668579358936717,0.010069447807599552,0.0279998779296875
2025-09-10,0.01656873752423338,0.0007770767501502629,0.0005813609478000359,0.01987283884701596,-0.04199981689453125
2025-09-11,-0.016594979295276313,0.0019670059198386713,0.004575245705825681,0.004565922950080958,-0.020999908447265625
2025-09-12,0.009341496030289553,-0.0005165899549602893,0.008458009292861446,0.0029447362828769474,0.04999971389770508
2025-09-15,0.006717489057871617,-0.00025849262112609406,0.0030823948774383325,-0.006861643207537238,-0.026999950408935547
2025-09-16,0.015272816459218852,-0.00020678340679602947,0.004287876866437168,0.010861725428256142,-0.007999897003173828
2025-09-17,-0.0075946292272549565,-0.00036199393523794754,0.0060485713051525725,0.00861483067479818,0.05000019073486328
2025-09-18,-0.007505438259613251,0.010760524816156192,0.0008486758999204369,0.0012291429578932256,0.0279998779296875
2025-09-19,-0.011269307661884831,-0.010236508275741407,-0.005370967430211482,-0.002360816182516823,0.034999847412109375
2025-09-22,-0.001649679211879418,-0.002792426048868313,-0.01193697408733907,-0.030102354504216833,0.004000186920166016
2025-09-23,0.015923051877017924,-0.007259905344918827,-0.0005751644315916682,-0.0037087443245449325,-0.023000240325927734
2025-09-24,0.024841052393963725,-0.006424978193304343,-0.004892858315176718,-0.0088166976304892,0.026999950408935547
2025-09-25,0.0015870814345155804,-0.0012618342628776258,-0.007664448009885971,-0.02569663177364656,0.02500009536743164
2025-09-26,0.010227587196772303,-0.005053387398649578,0.0037889514205171615,-0.019713279214436885,0.014999866485595703
2025-09-29,-0.030799887598877196,0.005555229482790303,-0.0034843534361621575,-0.001034872093440331,-0.046000003814697266
2025-09-30,-0.013976821547376339,0.000736661837417385,-0.006410272444172027,-0.0026587389735029943,0.006999969482421875
2025-10-01,-0.024917908871875283,0.014984205365028425,0.003445729911237372,0.008932306558979475,-0.04199981689453125
2025-10-02,-0.01897471909292514,0.0,0.0,0.0,-0.018000125885009766
2025-10-03,0.006551211432643367,-0.00010355236683690094,-0.0038722179717254335,-0.0042206503511580395,0.031000137329101562
2025-10-06,0.014566906232575727,0.00859965793966011,0.008508154209957652,0.029808048616503102,0.043000221252441406
2025-10-07,-0.0003055486801275542,0.009296849251305472,0.00712726183001311,-0.004919080479447779,-0.03500032424926758
2025-10-08,0.012223118243847253,-0.0038676704279507756,-0.012565010212474692,0.017991086800952738,0.0020003318786621094
2025-10-09,-0.015547151385613245,-0.0016348924815232646,0.007605702038898432,0.011396623305476972,0.018999576568603516
2025-10-10,-0.038178497881971585,0.003889109053228923,0.0028305316105254885,-0.010908844475715718,-0.0969996452331543
2025-10-13,0.009405390672618141,-0.0039759426940012554,-0.0048490284679943985,-0.006967703148405668,0.0
2025-10-14,-0.01468730748038527,0.00015355572961639474,0.0006545571950453688,-0.015595857384468781,-0.029000282287597656
2025-10-15,-0.007693533369643957,0.0011257119752032807,-0.001162886150263942,0.006950726128025275,0.024000167846679688
2025-10-16,-0.013729582881861768,0.016457924155284243,0.017463421964418302,0.00030307905458437645,-0.06999993324279785
2025-10-17,0.003766779185447877,0.008246599680788558,0.013230393728203227,-0.002861365990575071,0.03099989891052246
2025-10-20,-0.004568487352122119,0.00039898441231578374,0.035290716445324666,0.017892137809134345,-0.020999908447265625
2025-10-21,0.005081156889355398,0.0047360425532414485,-0.0010908202546936474,-0.0028189684853908714,-0.023000001907348633
2025-10-22,0.02071103170391675,0.0,0.0,0.0,-0.009999990463256836
2025-10-23,0.05432173994077005,0.0010915842847574186,-0.0114659946029676,0.022117213767940624,0.037999868392944336
2025-10-24,-0.0007576212150588457,-0.01392744811264468,0.002209355342217556,-0.0032539302042934315,0.006000041961669922
2025-10-27,-0.004852891764882239,0.008243283616533814,0.022389029988648,0.007084031677260905,0.0
2025-10-28,-0.018591910540062706,0.0005982069997889639,0.0018867452120525652,-0.008752307560916273,-0.01399993896484375
2025-10-29,0.008074481843877823,0.004284793179051949,0.01163483310742941,-9.800526560832523e-05,0.07500004768371582
2025-10-30,0.0012323141298693496,-0.00962438441689173,-0.010437403705000348,-0.007293366961630965,0.034999847412109375
2025-10-31,0.0010769183819110406,-0.010870166544315829,-0.0014107318108448341,0.00747865325484498,0.007999897003173828
2025-11-03,-0.002766256431842251,0.005418867341157929,-0.0011437600722541408,-0.013472756380385476,0.005000114440917969
2025-11-04,-0.0069347657955745046,-0.007454795197989084,-0.0078130381840249,-0.008817367498274109,-0.01699972152709961
2025-11-05,-0.014276876920964021,0.0,0.0,0.0,0.06799983978271484
2025-11-06,-0.002204020602007528,-0.0006089537613914731,0.015613345081491259,0.006922583655192938,-0.06400012969970703
2025-11-07,0.003944461908912178,-0.0023867007140820906,-0.012098138921255441,-0.00634349191754624,0.0
2025-11-10,0.006757763370429659,0.0022396834592501857,0.007645503023053557,0.011163724407185827,0.017000198364257812
2025-11-11,0.017171497743337927,0.007313327082023147,0.0027530023395538894,0.007206260415183685,0.009999752044677734
2025-11-12,-0.037599822589657106,-0.0022183916416598226,0.01211992909292925,0.027830546930827982,-0.05499982833862305
2025-11-13,0.004783913912300264,-0.0028802007299384424,-0.00039690971869799085,-0.00833391708825093,0.04699993133544922
2025-11-14,0.02190130304516491,0.0029898266032626353,0.005294826136542197,9.666000134100905e-05,0.03599977493286133
2025-11-17,-0.0029508066968050306,0.007023032569990706,-0.0003949759893837612,-0.0012235076261447597,-0.014999866485595703
2025-11-18,0.010747702090430522,-0.00411416613346649,0.0007244356949636099,-0.004867361062908082,-0.009999752044677734
2025-11-19,-0.02126677579126901,0.002166326784506456,-0.0003290652512906167,0.019629911129500188,0.009999752044677734
2025-11-20,-0.00204687855225294,0.014327410084544301,0.019882826481121718,-0.0009211881895078156,-0.026999950408935547
2025-11-21,-0.01293783024621531,-0.010705245599864077,-0.001613860485537244,0.0018443167855544118,-0.0429997444152832
2025-11-24,0.0129475310232261,0.0011021386425635882,-0.006918402716518335,-0.002983587454748915,-0.02500009536743164
2025-11-25,-0.014044491157481076,-0.009357957943524453,0.0024740929270772316,-0.0070036130197748125,-0.03600025177001953
2025-11-26,0.010403353563399165,0.014245319807291823,0.019614227507197768,0.014009939933847582,-0.003999948501586914
2025-11-27,0.0,0.005578208294847675,-0.004140396168178739,-0.00831516590885295,0.0
2025-11-28,0.0011088182106744338,-0.0018821130851079948,0.002622519213936192,0.00028688096265372387,0.01900029182434082
2025-12-01,-0.0004747245827840807,-0.005458524762346428,-0.0008931406081523763,-0.0013066619168325966,0.07899999618530273
2025-12-02,-0.011397774685385609,-0.012274202782653676,-0.012642863060538412,0.0007340236664623578,-0.010000228881835938
2025-12-03,0.003522776674430572,0.01081023547315052,-0.004850269145247221,0.014127609794561069,-0.028999805450439453
2025-12-04,0.009414395561291977,-0.0032983193993855187,-0.002079562098127874,0.015471577565411954,0.05099964141845703
2025-12-05,0.007745837677330503,0.006117109077992566,0.003256017134998901,0.0027870934985261275,0.031000137329101562
2025-12-08,-0.01976467955346206,-0.00019937400026992513,0.001557889183141814,-0.0005249365186679178,0.03299999237060547
2025-12-09,-0.008801456824849674,-0.005981423099213901,-0.008814042063944538,-0.008713122039908594,0.01399993896484375
2025-12-10,0.0043590646391657994,-0.007321218272822949,0.004903945359473916,-0.005953347755306981,-0.021999835968017578
2025-12-11,-0.014949370179429988,0.010608204874447358,0.005270284298839245,0.000846607077962469,-0.023000240325927734
2025-12-12,-0.002610963619440576,0.001199645558421114,0.007443411420030577,0.008960189870690138,0.05299997329711914
2025-12-15,-0.009162263880564514,-0.005391967575958834,-0.00019279610688960336,0.0030118868410302646,-0.01199960708618164
2025-12-16,-0.027080633539565913,-0.001807024642456856,-0.008931955777110256,-0.007770264070398714,-0.03299999237060547
2025-12-17,0.012898882550051338,-0.010359015914392256,0.0013616007284771303,0.003962427599463858,0.0019998550415039062
2025-12-18,0.002345834264955604,-0.0043699227745961355,0.0,0.019578534734606468,-0.034999847412109375
2025-12-19,0.010865956689985579,0.005920174882679152,0.013403186310904314,0.0003657729205728266,0.034999847412109375
2025-12-22,0.026459375588259393,0.002232410988758149,0.00658110679344337,0.013071311218222137,0.018000125885009766
2025-12-23,0.0049943833545220695,0.009010763931792232,-0.002983431547231463,-0.004481308161632724,0.0
2025-12-24,-0.0022442992505813386,0.0006020808426916435,-0.00795817911602592,0.0027190578116831343,-0.03299999237060547
2025-12-26,-0.025706976954853022,-0.005114327770677218,0.0006417426942348925,-0.011750531429727262,0.0
2025-12-29,0.021437982357276564,-0.00040318699715369277,-0.008722386443924313,-0.008689089886921075,-0.019999980926513672
2025-12-30,-0.00032290051997263536,-0.0008066366810288716,-0.0037525936694431383,-0.0014454227849959311,0.01399993896484375
2025-12-31,-0.017280357339559127,0.00030274077769254504,0.019872749161595316,-0.012504713669864942,0.03299999237060547
2026-01-01,0.0,-5.045195815567283e-05,0.0033111527772029525,0.0066121841967967665,0.0
2026-01-02,-0.0016433603390084706,0.010543238508079034,0.010599232824698213,0.007219463689806416,0.023999691009521484
2026-01-05,0.016625486774209053,-0.02406144154441614,-0.008917991859113128,-0.010643835128568035,-0.021999835968017578
2026-01-06,-0.017163173371139373,-0.015652197094406572,-0.04467397667305939,0.012344133767710597,0.01399993896484375
2026-01-07,-0.012191131287738077,-0.013666586966833316,-0.0022552717026890212,0.012224348743963276,-0.0409998893737793
2026-01-08,0.033855947714979795,-0.002476163429401379,-0.022337423385908717,-0.02782494995802931,0.04500007629394531
2026-01-09,0.02177768087704446,-0.008133504186030871,0.003196041265173921,0.0012172748177980974,-0.012000083923339844
2026-01-12,0.008367520966531261,-0.0021831917297068237,0.0053547636931428055,0.009913288831319145,0.015999794006347656
2026-01-13,0.02505092086387406,0.0004269190647672172,-0.020496171220296455,0.008766482705499845,-0.015999794006347656
2026-01-14,0.016037809726376695,-0.012695339519595006,0.004129973889475558,-0.023102788646099826,-0.031000137329101562
2026-01-15,-0.04149125767914308,0.0,0.0,0.0,0.019999980926513672
2026-01-16,0.0058029946929878395,0.006105106955523132,-0.0006169565104086061,0.022707640360314585,0.0710000991821289
2026-01-19,0.0,-0.003436744182823248,-0.030386222382269512,-0.013440520237555598,0.0
2026-01-20,0.012318742388301551,0.003556383560383569,-0.013865288327362557,-0.019376657928196983,0.06400012969970703
2026-01-21,0.004929138999533844,-0.011651693421642073,0.007604056306050433,0.006543522779421718,-0.04200029373168945
2026-01-22,-0.018087068421427488,-0.0017927454649970809,-0.0014950853130218933,0.008902767314289628,-0.0039997100830078125
2026-01-23,0.028410861133104426,-0.0028301326122368575,-0.011693449417618407,0.0038407873898465006,-0.010000228881835938
2026-01-26,-0.0044019570069471214,0.0,0.0,0.0,-0.026000022888183594
2026-01-27,0.030187581452718604,0.011243416433832643,-0.00404010662257559,-0.0014229047381563165,0.010000228881835938
2026-01-28,0.012283584946031434,0.006800464932957384,0.011734823320726173,0.01333130274311678,0.0279998779296875
2026-01-29,0.03377189337809838,0.0030020507261359075,-0.00408100477061113,-0.017405808436043002,-0.023999691009521484
2026-01-30,-0.00028279795397134766,-0.006680924664804744,0.0031631999215702145,-0.006519531136254586,0.01399993896484375
2026-02-02,-0.06210212530813297,-0.0012376212007129128,-0.0035831590207748842,0.014629230792389425,0.03399991989135742
2026-02-03,0.015535425820309534,0.02219595265139751,0.033587393461975035,0.017573142208165082,-0.0009999275207519531
2026-02-04,0.03163518781363739,0.0046378811875502635,0.013708276482541581,-0.07013294661283864,0.0009999275207519531
2026-02-05,-0.027497783730057845,-0.0035672904482948464,-0.009198276446980902,-0.0025341201112869527,-0.06500005722045898
2026-02-06,0.007401924165967744,-0.009055499806620904,0.0051268004167235315,-0.0166806367148169,-0.004000186920166016
2026-02-09,0.014548094333170836,-0.004090951344630334,0.007444133077086468,0.0022437183793835302,-0.007999897003173828
2026-02-10,-0.003476214666670918,-0.005174678926825216,-0.002121020056346845,0.012346539613439234,-0.051000118255615234
2026-02-11,0.008720907667252753,-0.005684298040796065,0.0069935003177907795,-0.025062001849009752,0.02500009536743164
2026-02-12,-0.02708940693771389,-0.007011091743491349,-0.01348130215075427,-0.05488356709752973,-0.06799983978271484
2026-02-13,0.0034064479912443435,-0.01814034153399624,-0.02022224400288386,-0.02105379533767593,-0.04799985885620117
2026-02-16,0.0,0.024228299578640033,0.012327398069824858,0.005348876067843733,0.0
2026-02-17,-0.004870875735124569,-0.00010796492286002657,-0.009811374982602317,0.0039901524882470785,-0.004000186920166016
2026-02-18,0.04345891997554796,-0.001080234977414718,0.012860184532927255,-0.00827994796042042,0.026999950408935547
2026-02-19,0.018621253964492768,-0.009841057154273192,-0.022063441957186347,-0.006308225011023683,-0.004000186920166016
2026-02-20,0.0013954572845489288,-0.004095718973815776,0.007023806447532088,0.00309943481932895,0.01100015640258789
2026-02-23,-0.0037626012322067304,0.012885907866915458,0.006058814721798367,-0.003685433022402429,-0.057000160217285156
2026-02-24,-0.010071356024868638,-0.014183610096832222,0.0005602723452611258,-0.038336540696323196,0.004000186920166016
2026-02-25,0.00113044842234733,-0.0031850946754928833,-0.02120658722132207,0.021603163841764195,0.014999866485595703
2026-02-26,-0.0014114110977380134,-0.009916273908654127,0.0059349587935093595,0.006997994530261842,-0.03099966049194336
2026-02-27,0.024452344267612558,-0.012074263837782429,-0.009169794935556141,-0.003890128422069261,-0.05500030517578125
2026-03-02,0.0725716647794934,-0.009405834929033241,-0.025755137390645833,-0.009061943817042617,0.08599996566772461
2026-03-03,0.04708005869157739,0.0,0.0,0.0,0.008000373840332031
2026-03-04,0.0,-0.0122242200588204,-0.009572822989874274,-0.009833497332849994,0.023999691009521484
2026-03-05,0.049262924583061585,0.010475984155599027,0.03301116723536035,-0.0034779042081746203,0.06599998474121094
2026-03-06,0.08523590290544059,-0.023583044150976562,0.011083904066363504,-0.00822084259439626,-0.013000011444091797
2026-03-09,0.06764479963230086,-0.01907700037065352,0.013667380231682458,-0.011808053466025537,0.0030002593994140625
2026-03-10,-0.11277279846363608,0.010407957360046627,-0.010674129241834973,-0.005657880034987017,0.0
2026-03-11,0.04760820227661822,-0.018247092896708117,-0.01320281777802923,-0.01917960685790865,0.07200002670288086
2026-03-12,0.09219390539302297,-0.0014389417316761355,0.0014386776973818183,-0.009128131281324947,0.06499958038330078
2026-03-13,0.02667728777224343,-0.01891320432964705,-0.008260270305528894,-0.01306087680065715,0.012000083923339844
2026-03-16,-0.028407992267933335,0.028886147550208685,0.010429502180503425,-0.0005393155904525049,-0.06500005722045898
2026-03-17,0.03203272242091093,0.0056506682863521895,0.0017919207711702967,-0.007263879508167981,-0.017999649047851562
2026-03-18,0.03829045788613983,-0.0027207607032612158,0.007512956232144763,0.02052941937722852,0.05699968338012695
2026-03-19,0.011827195985707695,-0.053199650627666184,-0.016547107763784985,-0.03474276110078034,0.02200031280517578
2026-03-20,0.032581692276222984,-0.022237509259669497,0.0213749079885428,0.014685991154442357,0.1099996566772461
2026-03-23,-0.10918976498282762,-0.04651157983808685,-0.004666257826481779,-0.00284454234206033,-0.05699968338012695
2026-03-24,0.04552726947381158,0.027884110635976178,0.0028412958929566745,0.006292524089351659,0.05800008773803711
2026-03-25,-0.021724535261508526,0.022748052841367272,0.0009207592824262978,-0.00892120996380008,-0.06400012969970703
2026-03-26,0.05664254398731772,0.0,0.0,0.0,0.08799982070922852
2026-03-27,0.042218289680638454,-0.03336317260600907,-0.04599812997457742,0.00521581510323732,0.024000167846679688
2026-03-30,0.0018654977795324879,-0.03259723212950971,-0.003115491227037581,-0.012930025669942169,-0.09800004959106445
2026-03-31,0.049388187223909696,0.0,0.0,0.0,-0.031000137329101562
2026-04-01,-0.14524710632565452,0.014626523965534544,0.01882573816032962,0.020899680038055868,0.007999897003173828
2026-04-02,0.07779749735354446,0.011653777095683715,-0.013657577915861752,0.01764796861977236,-0.005999565124511719
2026-04-06,0.006787103293172336,0.026767855041769595,-0.03391338056926663,0.009466713706658192,0.021999835968017578
2026-04-07,-0.004554978730898829,0.0012969825219191211,-7.660557771316245e-05,0.02663818437456622,0.007999897003173828
2026-04-08,-0.13288182565335294,0.05712439300525385,0.03311362925154748,0.0076383117206269,-0.05200004577636719
2026-04-09,0.012348265635306666,-0.022546206951919445,-0.013206752133664734,0.011644243478057925,0.0020003318786621094
2026-04-10,-0.007506268082230094,0.015795366089045526,0.015187987035020889,-0.024990327347917396,0.023999691009521484
2026-04-13,0.04369751885991202,-0.019252139613693764,-0.02599616182950437,-0.020480827820098302,-0.019999980926513672
2026-04-14,-0.045994360575196125,0.0,0.0,0.0,-0.0409998893737793
2026-04-15,0.0014769425920060364,0.01912672339401622,0.02205158901526394,0.033284643798282776,0.026000022888183594
2026-04-16,0.046981976931790737,-0.01784172280484997,-0.0005951538075245066,0.008610934412301985,0.026999950408935547
2026-04-17,-0.09065300524761721,0.005594352903883548,0.016154221932395352,0.0017851704847950955,-0.06300020217895508
2026-04-20,0.05642848261231559,-0.005563230230687499,-0.0012453936740434157,-0.000735965737691413,0.004000186920166016
2026-04-21,0.03142019160582854,0.020491541469136454,-0.00733514411354752,0.011978571828847429,0.04199981689453125
2026-04-22,0.03482940889780428,-0.014598051977781523,0.006502548387833373,-0.02758100689484666,0.0020003318786621094
2026-04-23,0.031007711894428525,-0.01944000812886426,-0.013728767947403075,-0.006578677830816226,0.028999805450439453
2026-04-24,0.002474561121020624,0.0006374932238164543,-0.011612322406057696,-0.04952810595747359,-0.013000011444091797
2026-04-27,0.027532530859824655,0.006306917078756191,0.02861873765675349,0.021152340197958308,0.026000022888183594
2026-04-28,0.027995922436629517,-0.009179512571661053,0.016913139279922884,-0.001184876037325644,0.018000125885009766
2026-04-29,0.0608484317192175,-0.004536462160496746,0.026279801764230504,0.012271440290016145,0.06400012969970703
2026-04-30,-0.03405910941830437,-0.009370971627915337,0.0037884784278527928,-0.00032323788850752155,-0.028000354766845703
2026-05-01,-0.051223610717127555,0.0,0.0,0.0,-0.012000083923339844
2026-05-04,0.05796435590826321,0.009978036340457797,0.022574711776720546,-0.017219717952895564,0.06800031661987305
2026-05-05,-0.0399335861353558,-0.009109672141757286,0.0003417276634201105,-0.0016452438055449825,-0.03000020980834961
2026-05-06,-0.07827437779674729,0.031399749089936924,-0.017559404857963812,0.003336911744250326,-0.059999942779541016
2026-05-07,-0.011948248489998314,-0.0006277293256695682,-0.0011823388612344221,-0.013960673993727801,0.03600025177001953
2026-05-08,0.012292658274484891,-0.019094287675940236,-0.0006962564559982454,-0.002914948045045218,-0.028000354766845703
2026-05-11,0.028828098949080783,-0.022027220345781418,-0.0327480499097329,-0.0006264875051644747,0.046000003814697266
2026-05-12,0.03416176556827355,-0.017285402840883424,-0.017432646312707356,-0.038697715313190106,0.05299997329711914
2026-05-13,-0.01985709804497915,-0.001132669214373161,-0.00381228544543466,-0.011954948318025238,0.018000125885009766
2026-05-14,0.0008520682535779756,0.026614222277917543,0.0022078400297471656,-0.011791653995296691,-0.019999980926513672
2026-05-15,0.03348468477726518,-0.0026639166161285255,-0.01865176919350786,0.008014133517786348,0.13399982452392578
2026-05-18,0.025993010089360835,0.0014983680439768499,-0.0003741258009706261,0.008480562885712306,0.028000354766845703
2026-05-19,-0.007314894790239612,-0.008066086243387116,-0.009881095096107906,0.019227567093740072,0.043999671936035156
2026-05-20,-0.056254512984368565,-0.003869072903534665,0.027973085446836077,0.0001287286537901,-0.09499979019165039
2026-05-21,-0.02323362111983851,-0.0004608213615903134,-0.007428072844503308,-8.584369114617019e-05,0.01399993896484375
2026-05-22,0.009358540332780718,0.010077033756975995,0.0036307001155833074,-0.004253957488008608,-0.0279998779296875
2026-05-25,0.0,0.026147593265809732,0.009228523034322533,0.009578768467982224,0.0
2026-05-26,-0.03824607928778567,-0.01010353495589067,-0.00782727074955647,-0.013863695533430809,-0.06500005722045898
2026-05-27,-0.05312312530885721,-0.025998210590779114,-0.004276436694568342,0.0035147038427931765,-0.012000083923339844
2026-05-28,-0.006151254909566695,0.0,0.0,0.0,-0.026000022888183594
2026-05-29,-0.017714182573179582,-0.01858566838678044,-0.021695675384946322,-0.011076119411967511,-0.0019998550415039062
2026-06-01,0.03183052914760154,-0.0024847023765377507,-0.0009082506285353897,0.0170436861551837,0.021999835968017578
2026-06-02,0.01073906724590512,0.007472758041013217,-0.004090889791988239,0.06507358393714768,-0.019999980926513672
2026-06-03,0.018854141235351562,0.007216830370820881,-0.001064961136754583,-0.08386122221554515,0.03600025177001953
2026-06-04,-0.028422439921149123,0.0007297335723297493,-0.007234252850892964,-0.0003122011517167067,-0.01399993896484375
2026-06-05,-0.020414631867057276,-0.009480276968216628,-0.005162943225685335,-0.018786335800248022,0.05899953842163086
2026-06-08,0.012461099019693611,-0.011244112901075853,-0.021456197654434517,-0.02160170492476765,0.01600027084350586
2026-06-09,-0.029708255191064348,-0.0004062111669768109,0.0046702304406802675,-0.00018587231222533251,-0.024000167846679688
2026-06-10,0.018042663542271686,0.011512144817837466,-0.00819406141179535,0.0013481386260374428,0.01399993896484375
2026-06-11,-0.02921591047565053,-0.003012635723958046,0.003336472043979466,-0.008496096254216212,-0.07899999618530273
2026-06-12,-0.03374635444844443,0.03740260424183384,0.02375296912114022,0.012080851356331301,0.024000167846679688
2026-06-15,-0.04763544686689869,0.006343421388081083,0.010827532869296164,0.00027757530025041,-0.018000125885009766
2026-06-16,-0.050619203765290166,0.009712599233722363,0.0166794558746175,0.01711383174475789,-0.0409998893737793
2026-06-17,0.007472188122165102,0.002802798830629616,0.002934905328449755,0.01091405793354494,0.034999847412109375
2026-06-18,0.003771155384721947,0.015118840210480489,-0.003451621335989863,-0.008861877462246093,-0.01199960708618164
2026-06-19,0.0,-0.00788805624304234,-0.014004951380058195,-0.03553761041857817,0.0
2026-06-22,-0.024420751227367532,0.008463755737895706,0.012982054219167649,0.0013176169639199653,0.057999610900878906
2026-06-23,-0.01052631166575535,-0.014941505131252697,-0.012815680361854542,-0.03205189512667539,-0.015999794006347656
2026-06-24,-0.04333165396915584,0.02394628181545566,0.0031309473737590743,0.02398523787326501,-0.09100008010864258
2026-06-25,0.020613023006442965,0.003908189029538711,0.00342570042907675,-0.006780534579050257,-0.009999752044677734
2026-06-26,-0.043449431034320196,0.0,0.0,0.0,-0.019999980926513672
2026-06-29,0.016113400424104807,0.0032651471316733627,-0.01297320074551711,0.0015276973068651944,0.0019998550415039062
2026-06-30,-0.0031442700223625053,-0.0011891503041673301,-0.005457321741689114,-0.03165066334040867,0.04400014877319336
2026-07-01,-0.018513418925125813,-0.0022557651048719096,0.010897268196839782,-0.02407086139105219,0.05699968338012695
2026-07-02,0.003213683916645671,-0.0003140111691687375,-0.0034403669724770714,0.04312527526027221,0.010000228881835938
2026-07-03,0.0,0.0064706159328209445,0.0003835826620637306,0.012281675910466694,0.0
2026-07-06,0.0026461671857418434,0.03595279724342504,0.013266908610525263,-0.017148252342576664,-0.006000041961669922
2026-07-07,0.030143156865294785,-0.0006627556897623732,-0.009763130203093273,0.018711109987005425,0.04999971389770508
2026-07-08,0.05204952522041495,-0.022910889038555315,-0.024839498160781792,-0.018415158181329327,0.039999961853027344
2026-07-09,-0.02204554813270998,0.008947303602641066,0.0030566849591946443,-0.003888235901543191,-0.029999732971191406
2026-07-10,-0.0038007982166216037,0.009051464160667821,0.02187841766816523,0.009514461356034731,0.029999732971191406
2026-07-13,0.0959084424502672,-0.008485362623697035,-0.008334626095043873,0.05437418749512801,0.04000043869018555
2026-07-14,0.01716686978135229,-0.010452946592541479,-0.0030071897144303694,0.008755444513198984,-0.024000167846679688
2026-07-15,0.002596407206333362,0.007474657289945563,0.0019334880123742515,0.0002740809142187661,-0.039999961853027344
2026-07-16,-0.008475498730709408,-0.008768194625089043,0.0008490741689983761,0.0053901192633447614,0.023999691009521484
2026-07-17,0.04594556527307714,0.013979943045431487,0.023600166714571547,0.030895047705588263,-0.0279998779296875
2026-07-20,0.012712857729628935,-0.051244511043297525,-0.0030891920861791933,-0.007888894818752767,0.057000160217285156
2026-07-21,0.020062776182881104,-0.020768986478860052,-0.014662553678508772,-0.013326817421950632,0.029999732971191406
2026-07-22,0.03362265121160335,-0.010900239884311769,-0.011582400975289064,-0.005762932000062393,0.029000282287597656
2026-07-23,0.07037315582075276,-0.007833797016275179,-0.01272700971968066,0.015668094348857187,0.046000003814697266
2026-07-24,-0.038832094222906566,-0.005955185288767151,0.004559070154642297,0.00508277095757248,-0.024000167846679688
2026-07-27,-0.08700142875747297,-0.0043753366362545565,0.0015649452269170805,0.01832056422550954,-0.03800010681152344
2026-07-28,-0.04832508197109153,-0.0056114710937809065,-0.009609413146972612,0.04460702996497412,-0.03699970245361328
2026-07-29,0.0790819576107229,0.017405476431915146,0.006468465376690435,0.020266929798269384,0.018000125885009766
2026-07-30,-0.018845042150429925,0.007685110807521545,0.01332392795258941,-0.006049230866255084,0.0409998893737793
2026-07-31,0.01224310886476876,-0.007692801510793101,0.011524498517056836,-0.027222612814641778,0.0819997787475586
2026-08-03,-0.07046167232564204,0.006482624377023738,0.008563962955889792,0.04569658820302136,-0.05900001525878906
2026-08-04,-0.052644099432226255,-0.014608233731739695,-0.021303999686078434,-0.005538242892144218,-0.05900001525878906
2026-08-05,0.001134026426391932,-0.009433962264150941,-0.00844374018740146,-0.019105691056910623,-0.009999752044677734
2026-08-06,0.03826307152041508,-0.0009523975605867374,0.03515625,-0.016576875259013635,0.05299997329711914
2026-08-07,0.012850105654492294,-0.0044940594414106805,0.00739626326650944,0.03358615725742742,-0.010000228881835938
2026-08-10,0.04991020965447568,0.0,-0.005618819093230143,-0.011008276812293993,0.03900003433227539
2026-08-11,0.013565919115894776,-0.002735978112175075,-0.002561609499724171,0.008245042834064353,-0.014999866485595703
2026-08-12,0.0007873095483186265,0.0,0.003852236189960445,-0.03925256651127662,-0.0019998550415039062
2026-08-13,-0.021465538211406954,-0.005486968449931462,-0.009029345372460473,0.010767353004159874,-0.0410003662109375
2026-08-14,0.01665323249482431,0.0027586206896552667,-0.005315110098709219,-0.005894736842105286,0.05500030517578125
2026-08-17,0.02654774279975869,0.0027510316368637433,0.004580152671755711,-0.020245679300349373,0.0279998779296875
2026-08-18,0.001650642587770923,-0.008230452674897082,0.004559270516717229,-0.014352391437262413,-0.018000125885009766
2026-08-19,0.006592025111454847,-0.004149377593360981,-0.008320726172465931,0.003947368421052699,-0.05299997329711914
2026-08-20,0.02357559449860891,0.007013871934678839,0.0016780710693173884,0.003931847968545288,0.043000221252441406
2026-08-21,0.0065045917924049235,0.002620542646785129,0.0021322334238791374,0.0017406440382941035,0.04199981689453125
2026-08-24,-0.023519453703339965,0.00281998453613741,-0.004711209097169489,-0.007775804667137232,-0.03399991989135742
2026-08-25,-0.0389497277770392,-0.002057613168724326,0.0054969849621830935,0.0052974269945702535,-0.06500005722045898
2026-08-26,-0.008354092096040433,-0.0004123543545961894,-0.014426727410782103,-0.011410134887644974,0.02500009536743164
2026-08-27,0.021174871219219682,-0.022277244135165297,-0.012172610807492323,-0.009515461522577096,0.007999897003173828
2026-08-28,-0.00434781943051199,0.013080151607550938,0.0037436039704557,0.04162964851523099,0.04799985885620117
2026-08-31,0.013212410003724528,-0.015687891134903986,-0.007770007770007803,0.024466288995783625,0.03800010681152344
2026-09-01,0.04597197215511217,0.004090302417577574,0.025058731401722767,-0.01262870345996292,0.03800010681152344
2026-09-02,0.010353890245539121,-0.015592128445605535,0.003132143304765078,-0.008864499788940439,0.0
2026-09-03,-0.0011502730681887119,0.008347655141258237,-0.008072481747787408,-0.01188241156037051,-0.03399991989135742
2026-09-04,0.00795647155506507,0.007712376683767896,0.01497120921305184,-0.006939397861546626,0.021999835968017578
2026-09-07,0.0,-0.0022468412312764974,-0.009455370650529482,-0.01475694444444442,0.0
2026-09-08,0.01703364572539945,-0.010555946516537684,-0.011149274979715518,-0.006387665198237857,0.02200031280517578
2026-09-09,0.03359886618718044,-0.02261738892469778,-0.01227895908122889,-0.02105963201064065,0.03099966049194336
2026-09-10,0.06343244962967542,0.009751146041473424,-0.003909304143862369,-0.0017662601194520233,0.10699987411499023
2026-09-11,-0.028059060857873463,0.02082734572105993,-0.01295133437990581,-0.0014972318324535383,0.031000137329101562
2026-09-14,0.01022846466476679,0.0,0.0,0.0,-0.01399993896484375
2026-09-15,0.029049959178263363,0.011719008532253827,-0.017654036717196786,0.02280986462109791,0.034999847412109375
2026-09-16,-0.02685055787535917,0.006908118472345182,0.003804704109203083,-0.027632141791148368,0.010000228881835938
2026-09-17,-0.009543627693050838,-0.011781011781011763,0.0031451809790825624,0.0005482232936340203,-0.05900001525878906
2026-09-18,-0.009063126798397603,0.02524544179523147,-0.014068654760452604,-0.038812785388127824,0.051000118255615234
2026-09-21,-0.03398484947866787,0.011627906976744207,0.01712328733035795,0.011258884167161476,-0.03500032424926758
2026-09-22,-0.010863029476502195,-0.0012170715538371013,-0.005611672168507553,-0.011133533008645946,0.005000114440917969
2026-09-23,0.03858943910382551,-0.0018277492967239128,0.006127035985449503,-0.007315868096793299,0.14599990844726562
2026-09-24,0.03414820120817996,-0.0113258400623093,-0.023076962202023266,-0.0012443039503904352,0.048000335693359375
2026-09-25,-0.02138835658473659,0.009191865753140682,0.005577468094211113,-0.002395783421178743,0.021999835968017578
2026-09-28,0.009202445238506662,-0.022498624717579685,-0.023164783371992237,-0.005427497035602746,0.055999755859375
2026-09-29,-0.02555093534001096,0.005076176171375568,-0.013026031983931041,-0.018496125784007167,0.015000343322753906
2026-09-30,-0.05273414782954533,-0.019371799866511497,0.004230118443316444,0.008954966061582637,0.0
